noise_type,noise_param,censor_split,clean_frac,noised_rmse_mean,noised_rmse_std,noised_lower_rmse_mean,noised_lower_rmse_std,noised_upper_rmse_mean,noised_upper_rmse_std,noised_corr_mean,noised_corr_std,noised_lower_corr_mean,noised_lower_corr_std,noised_upper_corr_mean,noised_upper_corr_std,finetuned_rmse_mean,finetuned_rmse_std,finetuned_lower_rmse_mean,finetuned_lower_rmse_std,finetuned_upper_rmse_mean,finetuned_upper_rmse_std,finetuned_corr_mean,finetuned_corr_std,finetuned_lower_corr_mean,finetuned_lower_corr_std,finetuned_upper_corr_mean,finetuned_upper_corr_std,n_finetune_samples_mean,n_finetune_samples_std
ynoise,0.0,0.1,0.0,0.7747477293014526,0.044008760242327936,0.7659381866455078,0.03597164358499947,0.8211101055145263,0.14764732607373476,0.7660860507328664,0.020974711479371674,0.7418580338143473,0.024665268425768737,0.12924643255787413,0.22278669295985343,,,,,,,,,,,,,0.0,0.0
ynoise,0.0,0.1,0.05,0.7747477293014526,0.044008760242327936,0.7659381866455078,0.03597164358499947,0.8211101055145263,0.14764732607373476,0.7660860507328664,0.020974711479371674,0.7418580338143473,0.024665268425768737,0.12924643255787413,0.22278669295985343,1.2511459827423095,0.22381442191484166,1.3000244736671447,0.23617420843802192,0.5934775471687317,0.07227537580792946,0.7617320008024001,0.02363414520387988,0.7389772413015525,0.025170644647677234,0.11435333795878802,0.2222049937519174,15.8,0.39999999999999997
ynoise,0.0,0.1,0.1,0.7747477293014526,0.044008760242327936,0.7659381866455078,0.03597164358499947,0.8211101055145263,0.14764732607373476,0.7660860507328664,0.020974711479371674,0.7418580338143473,0.024665268425768737,0.12924643255787413,0.22278669295985343,1.2304121613502503,0.3495998277828571,1.277781069278717,0.3654523808151653,0.5924866735935211,0.19346361470985846,0.7522283848634311,0.030922388879423002,0.7263379426931452,0.04061120300621212,0.09021511759231093,0.17664179057394241,32.2,1.16619037896906
ynoise,0.0,0.1,0.2,0.7747477293014526,0.044008760242327936,0.7659381866455078,0.03597164358499947,0.8211101055145263,0.14764732607373476,0.7660860507328664,0.020974711479371674,0.7418580338143473,0.024665268425768737,0.12924643255787413,0.22278669295985343,1.1427029371261597,0.10003057836929115,1.19046790599823,0.10460115151604871,0.45658143162727355,0.06988807232720955,0.7560702620150155,0.020535418250919237,0.732259573331222,0.023167082886553936,0.11888000070824409,0.17637667222543063,64.8,1.9390719429665317
ynoise,0.0,0.1,0.5,0.7747477293014526,0.044008760242327936,0.7659381866455078,0.03597164358499947,0.8211101055145263,0.14764732607373476,0.7660860507328664,0.020974711479371674,0.7418580338143473,0.024665268425768737,0.12924643255787413,0.22278669295985343,1.2457556486129762,0.08748490552473943,1.3012794971466064,0.09558139349561735,0.4209428668022156,0.07103893975902928,0.730339943607407,0.019841751176063054,0.7069003441916111,0.0188052485945775,0.13591604883689695,0.1372922846128135,162.4,5.238320341483519
ynoise,0.0,0.1,1.0,0.7747477293014526,0.044008760242327936,0.7659381866455078,0.03597164358499947,0.8211101055145263,0.14764732607373476,0.7660860507328664,0.020974711479371674,0.7418580338143473,0.024665268425768737,0.12924643255787413,0.22278669295985343,1.3454933881759643,0.08894745999070554,1.4080603122711182,0.09394426370317462,0.37035388946533204,0.06895795366153988,0.7207739243044584,0.01621470465516911,0.6953234231876874,0.01894517379570843,0.1846917029803578,0.1512993949942181,325.4,10.32666451474047
ynoise,0.5,0.1,0.0,0.7824906468391418,0.04310906073783532,0.7639642357826233,0.03869053754788207,0.9139833807945251,0.24161068216297152,0.7589407296670923,0.01891128953847581,0.7381016544234336,0.01833338625043336,0.22422303986423323,0.22134319177830122,,,,,,,,,,,,,0.0,0.0
ynoise,0.5,0.1,0.05,0.7824906468391418,0.04310906073783532,0.7639642357826233,0.03869053754788207,0.9139833807945251,0.24161068216297152,0.7589407296670923,0.01891128953847581,0.7381016544234336,0.01833338625043336,0.22422303986423323,0.22134319177830122,1.3102638483047486,0.19043122484460087,1.3641726493835449,0.19171857364983041,0.5509836316108704,0.10993864935163658,0.7511767640173969,0.018580997822605104,0.7312802786423445,0.01718278839903891,0.1954657196232171,0.2540132112903431,15.8,0.39999999999999997
ynoise,0.5,0.1,0.1,0.7824906468391418,0.04310906073783532,0.7639642357826233,0.03869053754788207,0.9139833807945251,0.24161068216297152,0.7589407296670923,0.01891128953847581,0.7381016544234336,0.01833338625043336,0.22422303986423323,0.22134319177830122,1.3324624300003052,0.28944198941077814,1.3867382526397705,0.29659784303723175,0.5758943796157837,0.1235521561789456,0.7475370081271028,0.019226134954923733,0.7271712787064997,0.022300345553529895,0.19954806186987334,0.22777824960744444,32.2,1.16619037896906
ynoise,0.5,0.1,0.2,0.7824906468391418,0.04310906073783532,0.7639642357826233,0.03869053754788207,0.9139833807945251,0.24161068216297152,0.7589407296670923,0.01891128953847581,0.7381016544234336,0.01833338625043336,0.22422303986423323,0.22134319177830122,1.1379033207893372,0.10407610435323482,1.1852830171585083,0.10684825020774145,0.459140419960022,0.05077086001528658,0.7453224966719878,0.018807853723418564,0.7246029146409458,0.01605366281313101,0.21747578857512279,0.19893363219253715,64.8,1.9390719429665317
ynoise,0.5,0.1,0.5,0.7824906468391418,0.04310906073783532,0.7639642357826233,0.03869053754788207,0.9139833807945251,0.24161068216297152,0.7589407296670923,0.01891128953847581,0.7381016544234336,0.01833338625043336,0.22422303986423323,0.22134319177830122,1.2575379371643067,0.07496051563426273,1.3144594430923462,0.07547848847912096,0.39925127625465395,0.044762504939938344,0.7248448428681982,0.017676996175105066,0.7013589861804714,0.011406812514893273,0.20118556939196433,0.19665910659063246,162.4,5.238320341483519
ynoise,0.5,0.1,1.0,0.7824906468391418,0.04310906073783532,0.7639642357826233,0.03869053754788207,0.9139833807945251,0.24161068216297152,0.7589407296670923,0.01891128953847581,0.7381016544234336,0.01833338625043336,0.22422303986423323,0.22134319177830122,1.38609778881073,0.10311637078729582,1.4511370658874512,0.10389912172983957,0.35832774043083193,0.03984821775522041,0.7111642595233151,0.015687223855847022,0.685313098070817,0.007552841938862986,0.23816215974277397,0.17441315680896602,325.4,10.32666451474047
ynoise,2.0,0.1,0.0,0.822803258895874,0.03745786455791056,0.822228479385376,0.047350515635710765,0.8026400327682495,0.045020576893282545,0.7406376226217757,0.008386526323979791,0.7198428084243472,0.011804480528880643,0.19535227859450593,0.19852387853004932,,,,,,,,,,,,,0.0,0.0
ynoise,2.0,0.1,0.05,0.822803258895874,0.03745786455791056,0.822228479385376,0.047350515635710765,0.8026400327682495,0.045020576893282545,0.7406376226217757,0.008386526323979791,0.7198428084243472,0.011804480528880643,0.19535227859450593,0.19852387853004932,1.3645082235336303,0.09923920294544009,1.4227599620819091,0.10992208590231912,0.5555814802646637,0.06532755437828393,0.7306863811808286,0.01034020865114941,0.7093910429083615,0.01225013226494796,0.20469196137346451,0.21278416691801733,15.8,0.39999999999999997
ynoise,2.0,0.1,0.1,0.822803258895874,0.03745786455791056,0.822228479385376,0.047350515635710765,0.8026400327682495,0.045020576893282545,0.7406376226217757,0.008386526323979791,0.7198428084243472,0.011804480528880643,0.19535227859450593,0.19852387853004932,1.3091837525367738,0.19055754417265364,1.3650227904319763,0.20103100050363462,0.5231329798698425,0.08347915021313905,0.731195078363547,0.014056908166631868,0.7096759662271295,0.013447403275429887,0.19844320310271826,0.17609633270599745,32.2,1.16619037896906
ynoise,2.0,0.1,0.2,0.822803258895874,0.03745786455791056,0.822228479385376,0.047350515635710765,0.8026400327682495,0.045020576893282545,0.7406376226217757,0.008386526323979791,0.7198428084243472,0.011804480528880643,0.19535227859450593,0.19852387853004932,1.2569198846817016,0.09228603521935662,1.3121894359588624,0.09251118433743366,0.44843906760215757,0.03952911825498558,0.7282234316444854,0.013965215357350041,0.7075062370561476,0.011039145145309749,0.23685858960775322,0.19320863533028443,64.8,1.9390719429665317
ynoise,2.0,0.1,0.5,0.822803258895874,0.03745786455791056,0.822228479385376,0.047350515635710765,0.8026400327682495,0.045020576893282545,0.7406376226217757,0.008386526323979791,0.7198428084243472,0.011804480528880643,0.19535227859450593,0.19852387853004932,1.37642982006073,0.07353969045584242,1.4407188177108765,0.0807193157562885,0.3846107065677643,0.0379814833652351,0.6903264264466776,0.01974740727881651,0.6668910719223571,0.018564191038922408,0.20294277649363285,0.21906285161453645,162.4,5.238320341483519
ynoise,2.0,0.1,1.0,0.822803258895874,0.03745786455791056,0.822228479385376,0.047350515635710765,0.8026400327682495,0.045020576893282545,0.7406376226217757,0.008386526323979791,0.7198428084243472,0.011804480528880643,0.19535227859450593,0.19852387853004932,1.4909684896469115,0.06812016460407141,1.56291344165802,0.0737554282616528,0.3260807037353516,0.036591644406768674,0.6892255979907137,0.02021801289306752,0.6628981082264405,0.019747613282852326,0.23747784846593428,0.24182307677516482,325.4,10.32666451474047
ynoise,5.0,0.1,0.0,0.8677068710327148,0.06697912163922015,0.8281728267669678,0.06713848618517816,1.1530760765075683,0.19119436243157348,0.7036476626372534,0.02419608284697017,0.685930049746759,0.03599370814365555,0.12353718123802762,0.163970076890331,,,,,,,,,,,,,0.0,0.0
ynoise,5.0,0.1,0.05,0.8677068710327148,0.06697912163922015,0.8281728267669678,0.06713848618517816,1.1530760765075683,0.19119436243157348,0.7036476626372534,0.02419608284697017,0.685930049746759,0.03599370814365555,0.12353718123802762,0.163970076890331,1.397971224784851,0.14886279282084136,1.4564362287521362,0.1566815836692628,0.5846780419349671,0.04881364950153066,0.6989122933882165,0.021718883643619995,0.6789192517317477,0.03413396264222313,0.11658784382952996,0.17151048195636598,15.8,0.39999999999999997
ynoise,5.0,0.1,0.1,0.8677068710327148,0.06697912163922015,0.8281728267669678,0.06713848618517816,1.1530760765075683,0.19119436243157348,0.7036476626372534,0.02419608284697017,0.685930049746759,0.03599370814365555,0.12353718123802762,0.163970076890331,1.5378433465957642,0.25602695954582366,1.6017505645751953,0.26133173115161784,0.6481577157974243,0.19619038873309969,0.6977187789719024,0.02319562504977664,0.6779811029888139,0.033824718729612444,0.09962337447652045,0.17084892595818787,32.2,1.16619037896906
ynoise,5.0,0.1,0.2,0.8677068710327148,0.06697912163922015,0.8281728267669678,0.06713848618517816,1.1530760765075683,0.19119436243157348,0.7036476626372534,0.02419608284697017,0.685930049746759,0.03599370814365555,0.12353718123802762,0.163970076890331,1.2037025213241577,0.03390872707946858,1.2538074254989624,0.0338810706724978,0.49551995396614074,0.08071822826489261,0.7004619231912328,0.021814811603233415,0.6820258024682773,0.033079546767313665,0.14559511115918106,0.15564540808440464,64.8,1.9390719429665317
ynoise,5.0,0.1,0.5,0.8677068710327148,0.06697912163922015,0.8281728267669678,0.06713848618517816,1.1530760765075683,0.19119436243157348,0.7036476626372534,0.02419608284697017,0.685930049746759,0.03599370814365555,0.12353718123802762,0.163970076890331,1.3639817237854004,0.034907785152737625,1.4261662483215332,0.03803224608453408,0.41884133219718933,0.07792650470743018,0.6871720199109796,0.01280282996719915,0.6643004745891815,0.02129983801830672,0.12185291853273608,0.1685036143905797,162.4,5.238320341483519
ynoise,5.0,0.1,1.0,0.8677068710327148,0.06697912163922015,0.8281728267669678,0.06713848618517816,1.1530760765075683,0.19119436243157348,0.7036476626372534,0.02419608284697017,0.685930049746759,0.03599370814365555,0.12353718123802762,0.163970076890331,1.5436384677886963,0.031269948273327755,1.617741584777832,0.03120696345006498,0.33752885460853577,0.05878611043819627,0.652327983214514,0.013348881719660196,0.6239397220318569,0.02688715009207437,0.14444042728220777,0.16359376164625025,325.4,10.32666451474047
xnoise,1.0-1.0,0.1,0.0,0.7747477293014526,0.044008760242327936,0.7659381866455078,0.03597164358499947,0.8211101055145263,0.14764732607373476,0.7660860507328664,0.020974711479371674,0.7418580338143473,0.024665268425768737,0.12924643255787413,0.22278669295985343,,,,,,,,,,,,,0.0,0.0
xnoise,1.0-1.0,0.1,0.05,0.7747477293014526,0.044008760242327936,0.7659381866455078,0.03597164358499947,0.8211101055145263,0.14764732607373476,0.7660860507328664,0.020974711479371674,0.7418580338143473,0.024665268425768737,0.12924643255787413,0.22278669295985343,1.2511459827423095,0.22381442191484166,1.3000244736671447,0.23617420843802192,0.5934775471687317,0.07227537580792946,0.7617320008024001,0.02363414520387988,0.7389772413015525,0.025170644647677234,0.11435333795878802,0.2222049937519174,15.8,0.39999999999999997
xnoise,1.0-1.0,0.1,0.1,0.7747477293014526,0.044008760242327936,0.7659381866455078,0.03597164358499947,0.8211101055145263,0.14764732607373476,0.7660860507328664,0.020974711479371674,0.7418580338143473,0.024665268425768737,0.12924643255787413,0.22278669295985343,1.2304121613502503,0.3495998277828571,1.277781069278717,0.3654523808151653,0.5924866735935211,0.19346361470985846,0.7522283848634311,0.030922388879423002,0.7263379426931452,0.04061120300621212,0.09021511759231093,0.17664179057394241,32.2,1.16619037896906
xnoise,1.0-1.0,0.1,0.2,0.7747477293014526,0.044008760242327936,0.7659381866455078,0.03597164358499947,0.8211101055145263,0.14764732607373476,0.7660860507328664,0.020974711479371674,0.7418580338143473,0.024665268425768737,0.12924643255787413,0.22278669295985343,1.1427029371261597,0.10003057836929115,1.19046790599823,0.10460115151604871,0.45658143162727355,0.06988807232720955,0.7560702620150155,0.020535418250919237,0.732259573331222,0.023167082886553936,0.11888000070824409,0.17637667222543063,64.8,1.9390719429665317
xnoise,1.0-1.0,0.1,0.5,0.7747477293014526,0.044008760242327936,0.7659381866455078,0.03597164358499947,0.8211101055145263,0.14764732607373476,0.7660860507328664,0.020974711479371674,0.7418580338143473,0.024665268425768737,0.12924643255787413,0.22278669295985343,1.2457556486129762,0.08748490552473943,1.3012794971466064,0.09558139349561735,0.4209428668022156,0.07103893975902928,0.730339943607407,0.019841751176063054,0.7069003441916111,0.0188052485945775,0.13591604883689695,0.1372922846128135,162.4,5.238320341483519
xnoise,1.0-1.0,0.1,1.0,0.7747477293014526,0.044008760242327936,0.7659381866455078,0.03597164358499947,0.8211101055145263,0.14764732607373476,0.7660860507328664,0.020974711479371674,0.7418580338143473,0.024665268425768737,0.12924643255787413,0.22278669295985343,1.3454933881759643,0.08894745999070554,1.4080603122711182,0.09394426370317462,0.37035388946533204,0.06895795366153988,0.7207739243044584,0.01621470465516911,0.6953234231876874,0.01894517379570843,0.1846917029803578,0.1512993949942181,325.4,10.32666451474047
xnoise,0.8-1.0,0.1,0.0,0.7896724462509155,0.021935619692560707,0.7696043968200683,0.01727274985975052,0.9286644339561463,0.10650939334506053,0.7437776525391868,0.0172361722471095,0.7222278299491232,0.020505395493385658,0.15662585003715956,0.20653714412620677,,,,,,,,,,,,,0.0,0.0
xnoise,0.8-1.0,0.1,0.05,0.7900618553161621,0.018909901921733148,0.7747790455818176,0.018782513243516024,0.8772446393966675,0.1323934928278829,0.7454769584259694,0.011387494066900688,0.7246309943463894,0.019468425597883542,0.19435288068673395,0.20664543716205636,1.3978281497955323,0.15537954577784877,1.4562348127365112,0.16904434672809143,0.6073220133781433,0.04940558081667035,0.7350052364103867,0.011900920310978535,0.7140377930378717,0.019591394391058347,0.17390044999082557,0.18933799624104336,15.8,0.39999999999999997
xnoise,0.8-1.0,0.1,0.1,0.7931298017501831,0.033621312850121016,0.7805392980575562,0.048541400784072916,0.8710668921470642,0.10516747805545353,0.7467345031922563,0.01761791059422768,0.7236205189462247,0.021077028707211273,0.17477376749215226,0.22084589336229263,1.3178857088088989,0.24942768994260656,1.3731271028518677,0.2612435729131,0.563100391626358,0.16713076185381542,0.7331354955923122,0.018304354421909804,0.7098898971558644,0.023940029384324317,0.14304221422261149,0.18638777872890266,32.2,1.16619037896906
xnoise,0.8-1.0,0.1,0.2,0.7660806536674499,0.03636921248872279,0.7469763040542603,0.026509529162591652,0.9077321887016296,0.1405331965957643,0.7600532595137458,0.011141808015630408,0.7339721943200719,0.019068271026260554,0.13639287558295743,0.17569843296728985,1.1049289464950562,0.08366986557294548,1.1497674226760863,0.08593688584948295,0.459931355714798,0.06308762896435574,0.7502565532063359,0.01730409057353483,0.7247971381703044,0.021223035511490993,0.2000572199582114,0.14151047144300039,64.8,1.9390719429665317
xnoise,0.8-1.0,0.1,0.5,0.7775920152664184,0.03279903553948553,0.7518069982528687,0.017380155231014244,0.9691922187805175,0.18676904948798054,0.7548684956695692,0.017605585106311893,0.735354164567457,0.017737664815095706,0.11462984099473401,0.22136077306346963,1.3172897577285767,0.05986547388740815,1.3773568153381348,0.06136415162032541,0.3992321014404297,0.05863423067181117,0.713601636079345,0.018030916347159733,0.6911887616339761,0.01378498806983234,0.1278670355830042,0.21698672086464071,162.4,5.238320341483519
xnoise,0.8-1.0,0.1,1.0,0.7959742546081543,0.03335513970339202,0.7813997626304626,0.037375391133594234,0.8850997090339661,0.08537478770713577,0.7428160165222965,0.01951009686782365,0.7203292752255382,0.029408746734623802,0.18179796711158447,0.21617897333296054,1.4621854305267334,0.07909415538502476,1.5318300485610963,0.07983187297113944,0.3376578509807587,0.045518017828412576,0.6956590240209546,0.014338374914616836,0.6672622186426016,0.0179645453234078,0.24573884269087273,0.10881907360550022,325.4,10.32666451474047
xnoise,0.3-0.4,0.1,0.0,0.8046002388000488,0.041818102048004624,0.7651989817619324,0.03614929190405929,1.08408225774765,0.10485510899039263,0.7183035356438033,0.02224199089955502,0.7078193819380436,0.02810822248299885,0.13733753182663272,0.2001923902511775,,,,,,,,,,,,,0.0,0.0
xnoise,0.3-0.4,0.1,0.05,0.8101403713226318,0.030616584079914244,0.7691103696823121,0.019502891417595973,1.1140988945961,0.16867114444174033,0.716118375330463,0.01895435614746894,0.7043243117611098,0.02771087283119321,0.0860952744140481,0.2506669476325829,1.6421015024185182,0.04768970334729653,1.712138843536377,0.0417132008263197,0.6523104429244995,0.09526026334834817,0.692619594641867,0.015299578055488362,0.6830366779602383,0.02429434536597102,0.08279241757711939,0.24263308300459904,15.8,0.39999999999999997
xnoise,0.3-0.4,0.1,0.1,0.8059416174888611,0.025942336230698287,0.7691844582557679,0.03154870579549565,1.052449071407318,0.10864943209657885,0.7186538238558355,0.013555485463333738,0.7045951278073594,0.0181021856958076,0.09807309951937114,0.2051176872554893,1.5247209548950196,0.2705727981019025,1.589996886253357,0.28558405201025877,0.6242760241031646,0.15156070996797968,0.6970648437441929,0.013580953572520697,0.6836512191860626,0.021236092276635452,0.11431040578714957,0.22103870442904583,32.2,1.16619037896906
xnoise,0.3-0.4,0.1,0.2,0.8043195605278015,0.025410708143817642,0.759959363937378,0.037851990707670514,1.0994041919708253,0.11108603905893334,0.7173922556329887,0.03605077344994506,0.7022360150962106,0.04265134547840098,0.09424365888583658,0.20784349334011984,1.3522319793701172,0.12279661821514859,1.4119321346282958,0.12621950999141374,0.455373477935791,0.07692045622562106,0.7015413337960263,0.03279942772785311,0.6870973828865711,0.0384356317569117,0.1334014833167145,0.15359914065668195,64.8,1.9390719429665317
xnoise,0.3-0.4,0.1,0.5,0.8383732199668884,0.03860025967663486,0.7887136101722717,0.037705751685478794,1.1667292356491088,0.16530044858723908,0.7068155931172858,0.024442323705876505,0.6943948233010421,0.02983691549513425,0.08413783871663291,0.21582652796099083,1.4401993036270142,0.0707837921944858,1.5067960262298583,0.07019834112340774,0.4121817648410797,0.05303964390523042,0.6748542579991514,0.03795199247016065,0.6588387488329163,0.037563813532689866,0.15962248816125396,0.2063307162671638,162.4,5.238320341483519
xnoise,0.3-0.4,0.1,1.0,0.8121544599533081,0.030807301888605993,0.7750579118728638,0.026837150773602447,1.0700269937515259,0.07650883727203384,0.7174537808017957,0.016424715889127958,0.7029239447508873,0.02746351461966538,0.08090392672295547,0.2116038383876471,1.5720126628875732,0.07242011680146106,1.6474733829498291,0.07144855394867632,0.35026374757289885,0.07173528899920613,0.6564266597893924,0.01956633475356249,0.6369491919060252,0.023570607203853136,0.17284730210894575,0.21277319551871854,325.4,10.32666451474047
xnoise,0-0.05,0.1,0.0,0.8958448648452759,0.03317981281975619,0.8207896828651429,0.028871533511708552,1.3999027252197265,0.11649849680942197,0.6316085177605875,0.0277106268170427,0.6258684751293635,0.015512289177211886,0.008560165693158739,0.23709654371536126,,,,,,,,,,,,,0.0,0.0
xnoise,0-0.05,0.1,0.05,0.8592785716056823,0.01731550165445744,0.7832949042320252,0.029662165354695,1.3613070249557495,0.07057300643846019,0.6621104579158165,0.02628846871850121,0.6578154804798678,0.024505154358756706,-0.012118355906505235,0.1774107111282584,1.6494796752929688,0.08127914437325184,1.7248152494430542,0.07959437515286252,0.5141990959644318,0.07074326964828193,0.6511096859101393,0.02302014488666447,0.6476397979792461,0.023997562552949013,0.011041511365731565,0.16899165659164667,15.8,0.39999999999999997
xnoise,0-0.05,0.1,0.1,0.8519912004470825,0.037226034811697756,0.799240243434906,0.044023926554278676,1.2176076650619507,0.048558140220285075,0.666485924768889,0.0293499044098244,0.6621139678815112,0.026172332714540895,0.006014309056529632,0.18128153803233138,1.7418781757354735,0.32107397796646564,1.8202163219451903,0.3351979037991364,0.6010327100753784,0.17505952283051512,0.6528339159129198,0.031190166372256488,0.6445738534009156,0.026199328521942705,0.07970101682598689,0.19208846425651546,32.2,1.16619037896906
xnoise,0-0.05,0.1,0.2,0.8796939849853516,0.08761429365600973,0.8144400238990783,0.06306858115814439,1.3006062746047973,0.21992406854966007,0.6544650597671827,0.04855392608072032,0.6495153122615416,0.0523145527550729,0.015518244756488626,0.17659884334311518,1.5398282527923584,0.2268175748681104,1.6124704837799073,0.2457370348507021,0.42381943464279176,0.033576464135373206,0.6194408674897627,0.05611932626594153,0.6140135707777025,0.06025509897553032,0.03153281850060102,0.17048438046629824,64.8,1.9390719429665317
xnoise,0-0.05,0.1,0.5,0.8464290857315063,0.04802561979439228,0.7779944896697998,0.034638656135912896,1.300521159172058,0.15044806401601085,0.673223046212172,0.049825775356444474,0.6694649543272273,0.05651735376915465,-0.001390259812811412,0.2279981617823216,1.5914361238479615,0.07091178568084519,1.6674638271331788,0.0780478453358783,0.3779169678688049,0.061922813405447516,0.6135835274091059,0.05077124141202162,0.6030859157187421,0.060336209893687424,0.058955265854093254,0.20499482383735276,162.4,5.238320341483519
xnoise,0-0.05,0.1,1.0,0.8815510392189025,0.0660681647218821,0.81517014503479,0.050861202790778125,1.3204825878143311,0.14324517952877686,0.6396715282171467,0.03161975181433745,0.6344438238691837,0.04039069668658273,-0.029987716256368053,0.21136549796735773,1.7204610109329224,0.08829657122758008,1.804283356666565,0.08868090018556772,0.3221089839935303,0.029522147705392035,0.5662508793277408,0.01868626969002924,0.5505449070222586,0.02048368420289887,0.11529475984039797,0.15603583341015015,325.4,10.32666451474047
omission,0.0,0.1,0.0,0.7747477293014526,0.044008760242327936,0.7659381866455078,0.03597164358499947,0.8211101055145263,0.14764732607373476,0.7660860507328664,0.020974711479371674,0.7418580338143473,0.024665268425768737,0.12924643255787413,0.22278669295985343,,,,,,,,,,,,,0.0,0.0
omission,0.0,0.1,0.05,0.7747477293014526,0.044008760242327936,0.7659381866455078,0.03597164358499947,0.8211101055145263,0.14764732607373476,0.7660860507328664,0.020974711479371674,0.7418580338143473,0.024665268425768737,0.12924643255787413,0.22278669295985343,1.2511459827423095,0.22381442191484166,1.3000244736671447,0.23617420843802192,0.5934775471687317,0.07227537580792946,0.7617320008024001,0.02363414520387988,0.7389772413015525,0.025170644647677234,0.11435333795878802,0.2222049937519174,15.8,0.39999999999999997
omission,0.0,0.1,0.1,0.7747477293014526,0.044008760242327936,0.7659381866455078,0.03597164358499947,0.8211101055145263,0.14764732607373476,0.7660860507328664,0.020974711479371674,0.7418580338143473,0.024665268425768737,0.12924643255787413,0.22278669295985343,1.2304121613502503,0.3495998277828571,1.277781069278717,0.3654523808151653,0.5924866735935211,0.19346361470985846,0.7522283848634311,0.030922388879423002,0.7263379426931452,0.04061120300621212,0.09021511759231093,0.17664179057394241,32.2,1.16619037896906
omission,0.0,0.1,0.2,0.7747477293014526,0.044008760242327936,0.7659381866455078,0.03597164358499947,0.8211101055145263,0.14764732607373476,0.7660860507328664,0.020974711479371674,0.7418580338143473,0.024665268425768737,0.12924643255787413,0.22278669295985343,1.1427029371261597,0.10003057836929115,1.19046790599823,0.10460115151604871,0.45658143162727355,0.06988807232720955,0.7560702620150155,0.020535418250919237,0.732259573331222,0.023167082886553936,0.11888000070824409,0.17637667222543063,64.8,1.9390719429665317
omission,0.0,0.1,0.5,0.7747477293014526,0.044008760242327936,0.7659381866455078,0.03597164358499947,0.8211101055145263,0.14764732607373476,0.7660860507328664,0.020974711479371674,0.7418580338143473,0.024665268425768737,0.12924643255787413,0.22278669295985343,1.2457556486129762,0.08748490552473943,1.3012794971466064,0.09558139349561735,0.4209428668022156,0.07103893975902928,0.730339943607407,0.019841751176063054,0.7069003441916111,0.0188052485945775,0.13591604883689695,0.1372922846128135,162.4,5.238320341483519
omission,0.0,0.1,1.0,0.7747477293014526,0.044008760242327936,0.7659381866455078,0.03597164358499947,0.8211101055145263,0.14764732607373476,0.7660860507328664,0.020974711479371674,0.7418580338143473,0.024665268425768737,0.12924643255787413,0.22278669295985343,1.3454933881759643,0.08894745999070554,1.4080603122711182,0.09394426370317462,0.37035388946533204,0.06895795366153988,0.7207739243044584,0.01621470465516911,0.6953234231876874,0.01894517379570843,0.1846917029803578,0.1512993949942181,325.4,10.32666451474047
omission,0.5,0.1,0.0,0.8163420557975769,0.022945424077569977,0.775702953338623,0.026628033933151666,1.116032600402832,0.048233664126233804,0.7276156059468507,0.014348707510519126,0.7112942236385584,0.014737609047469326,0.135574813341791,0.13922996001468674,,,,,,,,,,,,,0.0,0.0
omission,0.5,0.1,0.05,0.8163420557975769,0.022945424077569977,0.775702953338623,0.026628033933151666,1.116032600402832,0.048233664126233804,0.7276156059468507,0.014348707510519126,0.7112942236385584,0.014737609047469326,0.135574813341791,0.13922996001468674,0.8939431428909301,0.037268026317584725,0.907123577594757,0.040592464492138824,0.7430490255355835,0.06961010681220707,0.7228467639867191,0.013459607466870449,0.7059319546778947,0.008440602181212615,0.1562724537709253,0.1491230205467632,15.8,0.39999999999999997
omission,0.5,0.1,0.1,0.8163420557975769,0.022945424077569977,0.775702953338623,0.026628033933151666,1.116032600402832,0.048233664126233804,0.7276156059468507,0.014348707510519126,0.7112942236385584,0.014737609047469326,0.135574813341791,0.13922996001468674,0.9813688158988952,0.08683279776059663,1.0077357411384582,0.09532207609229411,0.6459246933460235,0.08710179031641731,0.7216291024010901,0.015607445578520625,0.7059510773172726,0.01171520252600052,0.16680856093200214,0.12645741441057803,32.2,1.16619037896906
omission,0.5,0.1,0.2,0.8163420557975769,0.022945424077569977,0.775702953338623,0.026628033933151666,1.116032600402832,0.048233664126233804,0.7276156059468507,0.014348707510519126,0.7112942236385584,0.014737609047469326,0.135574813341791,0.13922996001468674,1.1459347248077392,0.08170305217309,1.1915124893188476,0.0871028995273297,0.5247894525527954,0.08070478826528875,0.7177054712017034,0.01831472431006661,0.7013597285044908,0.013280381204129645,0.14892856469437524,0.12783594141883498,64.8,1.9390719429665317
omission,0.5,0.1,0.5,0.8163420557975769,0.022945424077569977,0.775702953338623,0.026628033933151666,1.116032600402832,0.048233664126233804,0.7276156059468507,0.014348707510519126,0.7112942236385584,0.014737609047469326,0.135574813341791,0.13922996001468674,1.2647412300109864,0.04916903877725888,1.3205363035202027,0.05746251523666286,0.46376635432243346,0.08343571927932605,0.70647986013085,0.02134422167058487,0.6866462357333903,0.017758273399593235,0.1725685913429004,0.10521523151088033,162.4,5.238320341483519
omission,0.5,0.1,1.0,0.8163420557975769,0.022945424077569977,0.775702953338623,0.026628033933151666,1.116032600402832,0.048233664126233804,0.7276156059468507,0.014348707510519126,0.7112942236385584,0.014737609047469326,0.135574813341791,0.13922996001468674,1.3485954523086547,0.051359782661545776,1.4110032558441161,0.05644064652923613,0.3980113625526428,0.05448314334330497,0.7002279837571007,0.030741998577429035,0.678779645828884,0.02810833714560359,0.2395648088626346,0.09686106918983925,325.4,10.32666451474047
omission,1.0,0.1,0.0,0.786110258102417,0.04653846917983992,0.7490833878517151,0.0384645811526707,1.0469987392425537,0.11921155054662036,0.744229796269528,0.025449177819602375,0.7250641428092768,0.0294088926043018,0.07848014571290227,0.2181074233949422,,,,,,,,,,,,,0.0,0.0
omission,1.0,0.1,0.05,0.786110258102417,0.04653846917983992,0.7490833878517151,0.0384645811526707,1.0469987392425537,0.11921155054662036,0.744229796269528,0.025449177819602375,0.7250641428092768,0.0294088926043018,0.07848014571290227,0.2181074233949422,1.5441084146499633,0.10569788947990039,1.6091301918029786,0.11020514760627917,0.6362242221832275,0.026942673926780205,0.7334144413292127,0.02005158835346902,0.7159118458468481,0.021265467471274512,0.0761420978128063,0.21636633499052396,15.8,0.39999999999999997
omission,1.0,0.1,0.1,0.786110258102417,0.04653846917983992,0.7490833878517151,0.0384645811526707,1.0469987392425537,0.11921155054662036,0.744229796269528,0.025449177819602375,0.7250641428092768,0.0294088926043018,0.07848014571290227,0.2181074233949422,1.5140910625457764,0.3643847896233027,1.5768826246261596,0.37785561687489594,0.6452595889568329,0.24143339798427157,0.7322729981048763,0.022087292031696237,0.7138780668209205,0.023442783390746694,0.08534914010678954,0.2213104279005497,32.2,1.16619037896906
omission,1.0,0.1,0.2,0.786110258102417,0.04653846917983992,0.7490833878517151,0.0384645811526707,1.0469987392425537,0.11921155054662036,0.744229796269528,0.025449177819602375,0.7250641428092768,0.0294088926043018,0.07848014571290227,0.2181074233949422,1.2267632722854613,0.08591631226235366,1.279972243309021,0.08430386175355355,0.4436598658561707,0.03241810970724312,0.7337882064927662,0.017276562909359066,0.7144418622827631,0.0187529573255208,0.12161644271186185,0.20756019877221124,64.8,1.9390719429665317
omission,1.0,0.1,0.5,0.786110258102417,0.04653846917983992,0.7490833878517151,0.0384645811526707,1.0469987392425537,0.11921155054662036,0.744229796269528,0.025449177819602375,0.7250641428092768,0.0294088926043018,0.07848014571290227,0.2181074233949422,1.370265293121338,0.0609464180967759,1.433945608139038,0.0580372922911753,0.3803246974945068,0.03360011130738609,0.7126662055349671,0.01385436358081549,0.6890123417554357,0.0112960557200164,0.17089700497546828,0.20756587345985508,162.4,5.238320341483519
omission,1.0,0.1,1.0,0.786110258102417,0.04653846917983992,0.7490833878517151,0.0384645811526707,1.0469987392425537,0.11921155054662036,0.744229796269528,0.025449177819602375,0.7250641428092768,0.0294088926043018,0.07848014571290227,0.2181074233949422,1.5205843448638916,0.07320517716313817,1.5937063694000244,0.07393117589540985,0.33180267810821534,0.03397726148528993,0.6830292981536839,0.008386580798702123,0.6544812313278358,0.016603974510667377,0.159903985374438,0.19414028863826338,325.4,10.32666451474047
ynoise,0.0,0.5,0.0,0.7747477293014526,0.044008760242327936,0.8610163331031799,0.05236782050362573,0.6753275513648986,0.07173490158784593,0.7660860507328664,0.020974711479371674,0.6400794700179242,0.05269323597562198,0.4516012628660552,0.0429382548257023,,,,,,,,,,,,,0.0,0.0
ynoise,0.0,0.5,0.05,0.7747477293014526,0.044008760242327936,0.8610163331031799,0.05236782050362573,0.6753275513648986,0.07173490158784593,0.7660860507328664,0.020974711479371674,0.6400794700179242,0.05269323597562198,0.4516012628660552,0.0429382548257023,0.921593451499939,0.0707246344085788,1.1656734466552734,0.12656351376573624,0.591809892654419,0.06283852330705537,0.7360732231162157,0.02199217288343963,0.6043777772796449,0.06716974071137395,0.42413863170009936,0.0405431300361224,82.6,0.4898979485566356
ynoise,0.0,0.5,0.1,0.7747477293014526,0.044008760242327936,0.8610163331031799,0.05236782050362573,0.6753275513648986,0.07173490158784593,0.7660860507328664,0.020974711479371674,0.6400794700179242,0.05269323597562198,0.4516012628660552,0.0429382548257023,0.9227077603340149,0.061956887644287785,1.1838343620300293,0.11811723900250039,0.561506187915802,0.04175506985961978,0.7317831183726468,0.023439649808385945,0.5989101492231076,0.07331532563914304,0.41866116623141103,0.03706724613389037,165.8,0.7483314773547882
ynoise,0.0,0.5,0.2,0.7747477293014526,0.044008760242327936,0.8610163331031799,0.05236782050362573,0.6753275513648986,0.07173490158784593,0.7660860507328664,0.020974711479371674,0.6400794700179242,0.05269323597562198,0.4516012628660552,0.0429382548257023,0.9555172204971314,0.048049797768182176,1.2500828742980956,0.09277560632372285,0.5282147765159607,0.035555275226832904,0.7309044225312464,0.02108229650195424,0.6028078632392065,0.05534878237788436,0.43326018659079113,0.04192501916996251,332.2,1.469693845669907
ynoise,0.0,0.5,0.5,0.7747477293014526,0.044008760242327936,0.8610163331031799,0.05236782050362573,0.6753275513648986,0.07173490158784593,0.7660860507328664,0.020974711479371674,0.6400794700179242,0.05269323597562198,0.4516012628660552,0.0429382548257023,0.981280517578125,0.07617773140551985,1.3010622024536134,0.13021218897271897,0.5000097692012787,0.03028764621414868,0.738139513268125,0.020416360841810605,0.6018433241538302,0.052203143262628204,0.4457998069749303,0.04512302460356359,831.2,2.993325909419153
ynoise,0.0,0.5,1.0,0.7747477293014526,0.044008760242327936,0.8610163331031799,0.05236782050362573,0.6753275513648986,0.07173490158784593,0.7660860507328664,0.020974711479371674,0.6400794700179242,0.05269323597562198,0.4516012628660552,0.0429382548257023,1.0009043216705322,0.04615689443125602,1.3409517765045167,0.08514120178031108,0.4775968551635742,0.023859931371311798,0.741496422754122,0.0198559761131788,0.5968616464043215,0.04966121003508883,0.45569227951031327,0.04442233003842527,1663.2,6.079473661428265
ynoise,0.5,0.5,0.0,0.7745238661766052,0.031065316754476872,0.865668523311615,0.08652782154720838,0.6666494607925415,0.0508618000418527,0.7579852165379668,0.012302068263973101,0.6277574547545395,0.03769052163822321,0.4501434313166399,0.022247975911867224,,,,,,,,,,,,,0.0,0.0
ynoise,0.5,0.5,0.05,0.7745238661766052,0.031065316754476872,0.865668523311615,0.08652782154720838,0.6666494607925415,0.0508618000418527,0.7579852165379668,0.012302068263973101,0.6277574547545395,0.03769052163822321,0.4501434313166399,0.022247975911867224,0.9431396961212158,0.027226037731270556,1.216532325744629,0.05498585196739604,0.5586047053337098,0.03600198278277507,0.7265202527329545,0.016968407761202023,0.5841254065508642,0.05238574809939657,0.4339412452262995,0.019048480945081932,82.6,0.4898979485566356
ynoise,0.5,0.5,0.1,0.7745238661766052,0.031065316754476872,0.865668523311615,0.08652782154720838,0.6666494607925415,0.0508618000418527,0.7579852165379668,0.012302068263973101,0.6277574547545395,0.03769052163822321,0.4501434313166399,0.022247975911867224,0.9489776968955994,0.030476792810536963,1.2403111934661866,0.05336010264154349,0.5279574036598206,0.023935634383863886,0.7312805728284999,0.012118761611916015,0.5878387331384161,0.05347607124968088,0.44424037742255995,0.021406376623673774,165.8,0.7483314773547882
ynoise,0.5,0.5,0.2,0.7745238661766052,0.031065316754476872,0.865668523311615,0.08652782154720838,0.6666494607925415,0.0508618000418527,0.7579852165379668,0.012302068263973101,0.6277574547545395,0.03769052163822321,0.4501434313166399,0.022247975911867224,0.9886474609375,0.04403110433969275,1.3086573600769043,0.05925965018989568,0.5087719202041626,0.025592875536705962,0.7226482998856901,0.012113060139685324,0.5820934915399085,0.04469648527062841,0.4406738034830349,0.02382321618142544,332.2,1.469693845669907
ynoise,0.5,0.5,0.5,0.7745238661766052,0.031065316754476872,0.865668523311615,0.08652782154720838,0.6666494607925415,0.0508618000418527,0.7579852165379668,0.012302068263973101,0.6277574547545395,0.03769052163822321,0.4501434313166399,0.022247975911867224,1.0227284550666809,0.05700195258252275,1.370613408088684,0.07842662554021344,0.4824508547782898,0.02262560657321913,0.7208983302687331,0.01702754685671937,0.5648407855839487,0.05060506141643334,0.4430368841000859,0.035780523690722425,831.2,2.993325909419153
ynoise,0.5,0.5,1.0,0.7745238661766052,0.031065316754476872,0.865668523311615,0.08652782154720838,0.6666494607925415,0.0508618000418527,0.7579852165379668,0.012302068263973101,0.6277574547545395,0.03769052163822321,0.4501434313166399,0.022247975911867224,1.0412556290626527,0.04979433222632752,1.4044334411621093,0.06742591131910045,0.46715526580810546,0.023777753939305844,0.7227728663276938,0.011118386224417054,0.5650876066092565,0.027571302811991164,0.4604054676428307,0.03913895914702067,1663.2,6.079473661428265
ynoise,2.0,0.5,0.0,0.8529735207557678,0.04622213872158417,0.9701686382293702,0.13487251952035,0.7064466118812561,0.0781972398304167,0.6964025978578403,0.013563268877286223,0.55788364106978,0.046408692190255355,0.38891411179546553,0.05930062951174133,,,,,,,,,,,,,0.0,0.0
ynoise,2.0,0.5,0.05,0.8529735207557678,0.04622213872158417,0.9701686382293702,0.13487251952035,0.7064466118812561,0.0781972398304167,0.6964025978578403,0.013563268877286223,0.55788364106978,0.046408692190255355,0.38891411179546553,0.05930062951174133,1.0301587343215943,0.05645020536289767,1.3417576789855956,0.09196960387063711,0.5813149690628052,0.05166599470875804,0.6696404158792373,0.015616182154484706,0.5248824575845712,0.0592005298191085,0.37666938334706124,0.06132256987944278,82.6,0.4898979485566356
ynoise,2.0,0.5,0.1,0.8529735207557678,0.04622213872158417,0.9701686382293702,0.13487251952035,0.7064466118812561,0.0781972398304167,0.6964025978578403,0.013563268877286223,0.55788364106978,0.046408692190255355,0.38891411179546553,0.05930062951174133,1.048758625984192,0.0655135598157543,1.3849724292755128,0.09463727567033042,0.5500353932380676,0.03773934415800134,0.675822346978916,0.011772911636768928,0.5312753147819228,0.045152283116966965,0.3720543609697874,0.06134493334138948,165.8,0.7483314773547882
ynoise,2.0,0.5,0.2,0.8529735207557678,0.04622213872158417,0.9701686382293702,0.13487251952035,0.7064466118812561,0.0781972398304167,0.6964025978578403,0.013563268877286223,0.55788364106978,0.046408692190255355,0.38891411179546553,0.05930062951174133,1.0854953289031983,0.05468039773516442,1.4511384963989258,0.07245675187431885,0.5202619135379791,0.03258845912897096,0.6724529038699935,0.017933923552994353,0.5357093949066303,0.02932487087804359,0.38455629244768036,0.07496571436172461,332.2,1.469693845669907
ynoise,2.0,0.5,0.5,0.8529735207557678,0.04622213872158417,0.9701686382293702,0.13487251952035,0.7064466118812561,0.0781972398304167,0.6964025978578403,0.013563268877286223,0.55788364106978,0.046408692190255355,0.38891411179546553,0.05930062951174133,1.1016562461853028,0.06925811680505035,1.4911630630493165,0.09182875064186923,0.4775486350059509,0.024788411241152608,0.6896961634888374,0.026020442990334534,0.5378317968601751,0.027696254219473256,0.4188708093645789,0.060789811538624,831.2,2.993325909419153
ynoise,2.0,0.5,1.0,0.8529735207557678,0.04622213872158417,0.9701686382293702,0.13487251952035,0.7064466118812561,0.0781972398304167,0.6964025978578403,0.013563268877286223,0.55788364106978,0.046408692190255355,0.38891411179546553,0.05930062951174133,1.1255677223205567,0.05733317177954516,1.5319653511047364,0.07390517712482828,0.4631787002086639,0.023594082854680124,0.6903645294839769,0.019032155794941802,0.5254065669122887,0.0331225045552497,0.42917766794287926,0.0610200996628513,1663.2,6.079473661428265
ynoise,5.0,0.5,0.0,1.050775134563446,0.10478492431352031,1.0846418738365173,0.2624702236321781,0.9438974618911743,0.25362733032389195,0.5747281621529495,0.025615088396160612,0.45392132269406904,0.0217264621998226,0.2716061959656497,0.055621766669845044,,,,,,,,,,,,,0.0,0.0
ynoise,5.0,0.5,0.05,1.050775134563446,0.10478492431352031,1.0846418738365173,0.2624702236321781,0.9438974618911743,0.25362733032389195,0.5747281621529495,0.025615088396160612,0.45392132269406904,0.0217264621998226,0.2716061959656497,0.055621766669845044,1.1276648044586182,0.07936402668262148,1.4762396812438965,0.11741563366094326,0.6082181811332703,0.08437363440268002,0.5794393808671494,0.014722249797977765,0.4488081063241899,0.0407136127380174,0.2891989167516122,0.0636791600929774,82.6,0.4898979485566356
ynoise,5.0,0.5,0.1,1.050775134563446,0.10478492431352031,1.0846418738365173,0.2624702236321781,0.9438974618911743,0.25362733032389195,0.5747281621529495,0.025615088396160612,0.45392132269406904,0.0217264621998226,0.2716061959656497,0.055621766669845044,1.1777215480804444,0.08788817292075565,1.5647900819778442,0.12379553877537146,0.5847742974758148,0.06643007168044553,0.5670853408093764,0.017740432866553135,0.42812246045445407,0.04380373915885821,0.2803407539762978,0.057450967967747,165.8,0.7483314773547882
ynoise,5.0,0.5,0.2,1.050775134563446,0.10478492431352031,1.0846418738365173,0.2624702236321781,0.9438974618911743,0.25362733032389195,0.5747281621529495,0.025615088396160612,0.45392132269406904,0.0217264621998226,0.2716061959656497,0.055621766669845044,1.2055850267410277,0.07297500394016719,1.6249019384384156,0.09707121444389412,0.5363568782806396,0.05319746935368692,0.575464694481302,0.005990941116538773,0.43481467211521946,0.032705312194998074,0.30052034920811943,0.06476201789937545,332.2,1.469693845669907
ynoise,5.0,0.5,0.5,1.050775134563446,0.10478492431352031,1.0846418738365173,0.2624702236321781,0.9438974618911743,0.25362733032389195,0.5747281621529495,0.025615088396160612,0.45392132269406904,0.0217264621998226,0.2716061959656497,0.055621766669845044,1.2288895130157471,0.08981965645742085,1.675960111618042,0.12960362091877023,0.49195799231529236,0.030570764927383715,0.5958018575653505,0.015843555437349697,0.42217214514078594,0.05050972340162873,0.33142046957663246,0.05079049539168169,831.2,2.993325909419153
ynoise,5.0,0.5,1.0,1.050775134563446,0.10478492431352031,1.0846418738365173,0.2624702236321781,0.9438974618911743,0.25362733032389195,0.5747281621529495,0.025615088396160612,0.45392132269406904,0.0217264621998226,0.2716061959656497,0.055621766669845044,1.2482144117355347,0.08771292740140008,1.709982204437256,0.11180946696941924,0.473753297328949,0.021520929725224815,0.5958036964308091,0.032344926412809206,0.40434899582306316,0.052699385597888206,0.3519452987528199,0.03899936833885366,1663.2,6.079473661428265
xnoise,1.0-1.0,0.5,0.0,0.7747477293014526,0.044008760242327936,0.8610163331031799,0.05236782050362573,0.6753275513648986,0.07173490158784593,0.7660860507328664,0.020974711479371674,0.6400794700179242,0.05269323597562198,0.4516012628660552,0.0429382548257023,,,,,,,,,,,,,0.0,0.0
xnoise,1.0-1.0,0.5,0.05,0.7747477293014526,0.044008760242327936,0.8610163331031799,0.05236782050362573,0.6753275513648986,0.07173490158784593,0.7660860507328664,0.020974711479371674,0.6400794700179242,0.05269323597562198,0.4516012628660552,0.0429382548257023,0.921593451499939,0.0707246344085788,1.1656734466552734,0.12656351376573624,0.591809892654419,0.06283852330705537,0.7360732231162157,0.02199217288343963,0.6043777772796449,0.06716974071137395,0.42413863170009936,0.0405431300361224,82.6,0.4898979485566356
xnoise,1.0-1.0,0.5,0.1,0.7747477293014526,0.044008760242327936,0.8610163331031799,0.05236782050362573,0.6753275513648986,0.07173490158784593,0.7660860507328664,0.020974711479371674,0.6400794700179242,0.05269323597562198,0.4516012628660552,0.0429382548257023,0.9227077603340149,0.061956887644287785,1.1838343620300293,0.11811723900250039,0.561506187915802,0.04175506985961978,0.7317831183726468,0.023439649808385945,0.5989101492231076,0.07331532563914304,0.41866116623141103,0.03706724613389037,165.8,0.7483314773547882
xnoise,1.0-1.0,0.5,0.2,0.7747477293014526,0.044008760242327936,0.8610163331031799,0.05236782050362573,0.6753275513648986,0.07173490158784593,0.7660860507328664,0.020974711479371674,0.6400794700179242,0.05269323597562198,0.4516012628660552,0.0429382548257023,0.9555172204971314,0.048049797768182176,1.2500828742980956,0.09277560632372285,0.5282147765159607,0.035555275226832904,0.7309044225312464,0.02108229650195424,0.6028078632392065,0.05534878237788436,0.43326018659079113,0.04192501916996251,332.2,1.469693845669907
xnoise,1.0-1.0,0.5,0.5,0.7747477293014526,0.044008760242327936,0.8610163331031799,0.05236782050362573,0.6753275513648986,0.07173490158784593,0.7660860507328664,0.020974711479371674,0.6400794700179242,0.05269323597562198,0.4516012628660552,0.0429382548257023,0.981280517578125,0.07617773140551985,1.3010622024536134,0.13021218897271897,0.5000097692012787,0.03028764621414868,0.738139513268125,0.020416360841810605,0.6018433241538302,0.052203143262628204,0.4457998069749303,0.04512302460356359,831.2,2.993325909419153
xnoise,1.0-1.0,0.5,1.0,0.7747477293014526,0.044008760242327936,0.8610163331031799,0.05236782050362573,0.6753275513648986,0.07173490158784593,0.7660860507328664,0.020974711479371674,0.6400794700179242,0.05269323597562198,0.4516012628660552,0.0429382548257023,1.0009043216705322,0.04615689443125602,1.3409517765045167,0.08514120178031108,0.4775968551635742,0.023859931371311798,0.741496422754122,0.0198559761131788,0.5968616464043215,0.04966121003508883,0.45569227951031327,0.04442233003842527,1663.2,6.079473661428265
xnoise,0.8-1.0,0.5,0.0,0.7972125768661499,0.0362350532537661,0.8503934502601623,0.08107178957464548,0.737114953994751,0.027028052742980292,0.7280216716502101,0.016607322528623417,0.5963455028090628,0.056627192606647454,0.40262101743385814,0.03554714543078089,,,,,,,,,,,,,0.0,0.0
xnoise,0.8-1.0,0.5,0.05,0.8058667659759522,0.04714012512600518,0.847265076637268,0.10856411163809061,0.7518699526786804,0.13294018333494823,0.7265316626262772,0.02123998012241099,0.5967896648580904,0.040644447177177044,0.40242725841019605,0.04280208112275214,1.0133491992950439,0.0548006905440453,1.322644543647766,0.08185987034028809,0.5672521352767944,0.056840538459895375,0.6870285517937248,0.02547842308372048,0.5459865106948573,0.04768843349682498,0.3785435599830026,0.03723449353687027,82.6,0.4898979485566356
xnoise,0.8-1.0,0.5,0.1,0.7925129413604737,0.01992604354692122,0.8606698632240295,0.06439994593803132,0.715211021900177,0.03306187903776229,0.7247846305496212,0.02456713032857003,0.6055844469159782,0.04097563191262287,0.38300093451660067,0.031725699315725206,1.0234253048896789,0.049490675775726765,1.3430826902389525,0.0833894257114448,0.5589690566062927,0.04326575545996284,0.6802129816158426,0.031906822229959865,0.5367286349371195,0.05199482652322974,0.3583178695349466,0.03677393555528204,165.8,0.7483314773547882
xnoise,0.8-1.0,0.5,0.2,0.7969313621520996,0.027715892946860672,0.8380357503890992,0.08672655402439884,0.7439469814300537,0.0709027757876437,0.7199317937072365,0.03398927381905662,0.6177410495638884,0.04746303655460114,0.379228987782417,0.04172581754739653,1.0429691076278687,0.07189087151729572,1.3899030447006226,0.10223602432203137,0.509307587146759,0.025818071394164914,0.6964557617114326,0.026598272373704216,0.5685206052081702,0.048424366288492775,0.4109286816805656,0.040277528882292954,332.2,1.469693845669907
xnoise,0.8-1.0,0.5,0.5,0.7932960271835328,0.04237038328556475,0.8101835727691651,0.01902779510022536,0.7737614035606384,0.07081451093676946,0.731405784706171,0.018395889308317676,0.6152294020680683,0.043605453079420424,0.3962769059516337,0.03581108834106095,1.0396726727485657,0.07791899988903925,1.3921661853790284,0.11794590554204422,0.49567025899887085,0.0185079914844241,0.7064570051186936,0.024210279990798975,0.5754221869679192,0.03520738540340711,0.4219840582314756,0.03681524974111054,831.2,2.993325909419153
xnoise,0.8-1.0,0.5,1.0,0.8167359113693238,0.07105904570836653,0.8259719967842102,0.09959408782865754,0.7955987930297852,0.16564186433816422,0.7214583016140815,0.027705035929081603,0.6066193195632006,0.046663910759279434,0.3892784915418108,0.037920231397424856,1.113511085510254,0.08764029145532633,1.5130472660064698,0.1155058748514638,0.4629606783390045,0.019139639600409535,0.7047723156340211,0.024730438465070916,0.5513237443329387,0.030765477439239935,0.4389473626891819,0.06605621086849053,1663.2,6.079473661428265
xnoise,0.3-0.4,0.5,0.0,1.063614058494568,0.09254099830583809,0.7791356205940246,0.033679316638756264,1.2739840745925903,0.157946153449705,0.5900792192088526,0.03474148430257514,0.49038950772319334,0.07228292689457061,0.24267134615259017,0.04068546006316268,,,,,,,,,,,,,0.0,0.0
xnoise,0.3-0.4,0.5,0.05,1.070081317424774,0.10722790860992171,0.7650479674339294,0.044795633446001445,1.2892988920211792,0.17778196312878392,0.5868476141634955,0.031684147543163406,0.48772888605692877,0.059080319778923585,0.2387558684578514,0.02908630194899855,1.1281835794448853,0.03731221336771253,1.5029314279556274,0.05314958600600518,0.561942994594574,0.020364431583592055,0.5477806365998351,0.026636365767380755,0.46508996645901013,0.06513845114280013,0.2209953820919337,0.030792255999552584,82.6,0.4898979485566356
xnoise,0.3-0.4,0.5,0.1,1.0498955607414246,0.08262108228064131,0.786582100391388,0.06927674951581969,1.2480910301208497,0.16364639907192496,0.586354426747709,0.01789941769470337,0.49046621923636646,0.06277660642848365,0.25226792727092184,0.05276106651794538,1.1886306285858155,0.07093178231952586,1.6020000219345092,0.11487511666448502,0.5412710547447205,0.030822082548089488,0.5698850703306324,0.03925374762709869,0.4665172396735941,0.07447654909320058,0.25577297645785035,0.044397961742709914,165.8,0.7483314773547882
xnoise,0.3-0.4,0.5,0.2,1.0436112523078918,0.12682569032384597,0.7856828331947326,0.05439117332161856,1.2337379455566406,0.21305515418620138,0.597286008799039,0.02656075250721235,0.495294705970883,0.06775901487240697,0.24926332033305085,0.05402889194126106,1.2197924613952638,0.0461376895834401,1.659053087234497,0.06926204983354207,0.507479727268219,0.027128548083688295,0.6070950668868823,0.028394751250698038,0.4840267533631263,0.07550721081137608,0.31034846924682347,0.05047727747271397,332.2,1.469693845669907
xnoise,0.3-0.4,0.5,0.5,1.0025736451148988,0.07332543833590525,0.8359296083450317,0.05801051432719378,1.1303658604621887,0.1553935417253062,0.5805468177023728,0.029499161885051212,0.5023514993608826,0.06341827627134267,0.24327575142167493,0.02643926754139854,1.221859836578369,0.07946471947157419,1.667795729637146,0.11091204409322845,0.48622331619262693,0.02122455101967745,0.6159929788855976,0.032817977806019825,0.4893988353153665,0.07668821564468697,0.32528125507921113,0.05734736345714696,831.2,2.993325909419153
xnoise,0.3-0.4,0.5,1.0,1.0263760089874268,0.0761435067665805,0.7951780557632446,0.03576501621054982,1.203736126422882,0.13656164470687457,0.604343561554481,0.020115503814536164,0.4951096141998373,0.05671536626094074,0.2608163526921949,0.025235448290467265,1.2082634210586547,0.05498338412617567,1.6546371936798097,0.07312031587049618,0.4650717556476593,0.01908499919475523,0.6372039082593132,0.0049522018745443526,0.43240327968618597,0.017203694268539405,0.3961811697479305,0.0551737721050431,1663.2,6.079473661428265
xnoise,0-0.05,0.5,0.0,1.3013055086135865,0.09033082972949062,0.7771779537200928,0.06689952420358368,1.6514376163482667,0.11765511313564156,0.38586306075135085,0.06814797212822502,0.4120214565432458,0.08159143338690422,0.05638850753269843,0.03252015689944985,,,,,,,,,,,,,0.0,0.0
xnoise,0-0.05,0.5,0.05,1.3217934608459472,0.06343850486459875,0.8018047332763671,0.04972149383439814,1.672239327430725,0.09802338791899311,0.31079061515145934,0.041220872907231865,0.34782333479400285,0.046520474853892484,0.0559073009493154,0.03027819688318043,1.5280058622360229,0.07380566064310477,2.0883001565933226,0.09397094389508724,0.6054815411567688,0.04089453336147866,0.11698498442610691,0.07919732610593815,0.22560285757403453,0.057990038469033146,0.012106016768098991,0.055865814339696306,82.6,0.4898979485566356
xnoise,0-0.05,0.5,0.1,1.271797490119934,0.09627979490582404,0.7706451058387757,0.06192525383881371,1.6091915130615235,0.12230322507585328,0.38959649572306176,0.07429062164243566,0.4076970875830909,0.07148236969875432,0.07549767623614453,0.061855827719584165,1.3764086723327638,0.10861224441144708,1.8766050815582276,0.17034295232298025,0.5604651689529419,0.032875829387886,0.3329141591104791,0.10530168715656982,0.35183039038781344,0.08987152131235834,0.07708975847765495,0.07097222108443005,165.8,0.7483314773547882
xnoise,0-0.05,0.5,0.2,1.3443437814712524,0.11301606234806226,0.809042489528656,0.06418212663859135,1.7051245450973511,0.15404400477408178,0.28192772385264686,0.13607726715311314,0.3311476112096622,0.10431290198447928,0.022072069879837657,0.026428627601382884,1.4150792837142945,0.03803998787015237,1.9398780584335327,0.04929661059571518,0.5428029298782349,0.021868407395505624,0.26926457479092647,0.10112745960771512,0.280648516515834,0.08641380484276201,0.03956514806747837,0.05745419269907307,332.2,1.469693845669907
xnoise,0-0.05,0.5,0.5,1.3140264987945556,0.06478911497753984,0.8014290571212769,0.04608606921563212,1.6612942218780518,0.07452257323929182,0.29821011807434994,0.09902982226241654,0.3464560580715383,0.07189190326436538,0.053394395989087004,0.10535975608663366,1.3317421913146972,0.09458989675178821,1.8275869607925415,0.1482962682438479,0.5057161152362823,0.029518118571249446,0.44879592473431096,0.09916739414083478,0.3446512469419817,0.06701106838987471,0.22784698477559956,0.10672423326296307,831.2,2.993325909419153
xnoise,0-0.05,0.5,1.0,1.252863359451294,0.059913364161104855,0.7977697134017945,0.04332930810535412,1.567745566368103,0.0779016552796289,0.3714408149298531,0.06848896011252649,0.38013131231722064,0.05412556108019463,0.10158117276503087,0.08328459454376841,1.2777605772018432,0.08877308181864556,1.7562057971954346,0.12148670945538532,0.47035006284713743,0.023421832027251427,0.5597817282392221,0.05967646819674968,0.3918689975655336,0.055824515528166266,0.38217285240883464,0.0522165947101626,1663.2,6.079473661428265
omission,0.0,0.5,0.0,0.7747477293014526,0.044008760242327936,0.8610163331031799,0.05236782050362573,0.6753275513648986,0.07173490158784593,0.7660860507328664,0.020974711479371674,0.6400794700179242,0.05269323597562198,0.4516012628660552,0.0429382548257023,,,,,,,,,,,,,0.0,0.0
omission,0.0,0.5,0.05,0.7747477293014526,0.044008760242327936,0.8610163331031799,0.05236782050362573,0.6753275513648986,0.07173490158784593,0.7660860507328664,0.020974711479371674,0.6400794700179242,0.05269323597562198,0.4516012628660552,0.0429382548257023,0.921593451499939,0.0707246344085788,1.1656734466552734,0.12656351376573624,0.591809892654419,0.06283852330705537,0.7360732231162157,0.02199217288343963,0.6043777772796449,0.06716974071137395,0.42413863170009936,0.0405431300361224,82.6,0.4898979485566356
omission,0.0,0.5,0.1,0.7747477293014526,0.044008760242327936,0.8610163331031799,0.05236782050362573,0.6753275513648986,0.07173490158784593,0.7660860507328664,0.020974711479371674,0.6400794700179242,0.05269323597562198,0.4516012628660552,0.0429382548257023,0.9227077603340149,0.061956887644287785,1.1838343620300293,0.11811723900250039,0.561506187915802,0.04175506985961978,0.7317831183726468,0.023439649808385945,0.5989101492231076,0.07331532563914304,0.41866116623141103,0.03706724613389037,165.8,0.7483314773547882
omission,0.0,0.5,0.2,0.7747477293014526,0.044008760242327936,0.8610163331031799,0.05236782050362573,0.6753275513648986,0.07173490158784593,0.7660860507328664,0.020974711479371674,0.6400794700179242,0.05269323597562198,0.4516012628660552,0.0429382548257023,0.9555172204971314,0.048049797768182176,1.2500828742980956,0.09277560632372285,0.5282147765159607,0.035555275226832904,0.7309044225312464,0.02108229650195424,0.6028078632392065,0.05534878237788436,0.43326018659079113,0.04192501916996251,332.2,1.469693845669907
omission,0.0,0.5,0.5,0.7747477293014526,0.044008760242327936,0.8610163331031799,0.05236782050362573,0.6753275513648986,0.07173490158784593,0.7660860507328664,0.020974711479371674,0.6400794700179242,0.05269323597562198,0.4516012628660552,0.0429382548257023,0.981280517578125,0.07617773140551985,1.3010622024536134,0.13021218897271897,0.5000097692012787,0.03028764621414868,0.738139513268125,0.020416360841810605,0.6018433241538302,0.052203143262628204,0.4457998069749303,0.04512302460356359,831.2,2.993325909419153
omission,0.0,0.5,1.0,0.7747477293014526,0.044008760242327936,0.8610163331031799,0.05236782050362573,0.6753275513648986,0.07173490158784593,0.7660860507328664,0.020974711479371674,0.6400794700179242,0.05269323597562198,0.4516012628660552,0.0429382548257023,1.0009043216705322,0.04615689443125602,1.3409517765045167,0.08514120178031108,0.4775968551635742,0.023859931371311798,0.741496422754122,0.0198559761131788,0.5968616464043215,0.04966121003508883,0.45569227951031327,0.04442233003842527,1663.2,6.079473661428265
omission,0.5,0.5,0.0,1.5146875381469727,0.037933622182986716,0.8645989656448364,0.04263910006075881,1.9432781219482422,0.03952972869071332,0.11787572621206806,0.23479230684249314,0.0925348975165756,0.15622984809298762,0.025694882546333443,0.08413855276700921,,,,,,,,,,,,,0.0,0.0
omission,0.5,0.5,0.05,1.5146875381469727,0.037933622182986716,0.8645989656448364,0.04263910006075881,1.9432781219482422,0.03952972869071332,0.11787572621206806,0.23479230684249314,0.0925348975165756,0.15622984809298762,0.025694882546333443,0.08413855276700921,1.4801569700241088,0.08540964335860886,2.0457300901412965,0.12393316752509917,0.5051333427429199,0.026078284941070166,0.23458984589500856,0.14091478909572255,0.18842949374570445,0.11070316331896973,0.11852620172707598,0.06631547684214711,82.6,0.4898979485566356
omission,0.5,0.5,0.1,1.5146875381469727,0.037933622182986716,0.8645989656448364,0.04263910006075881,1.9432781219482422,0.03952972869071332,0.11787572621206806,0.23479230684249314,0.0925348975165756,0.15622984809298762,0.025694882546333443,0.08413855276700921,1.4870272159576416,0.07056036577980437,2.0569218397140503,0.09300869069274094,0.4994734704494476,0.021477284433081785,0.25988617983900925,0.10428994031268649,0.1941318892919272,0.10972271034274528,0.14406863626717362,0.03909953245798868,165.8,0.7483314773547882
omission,0.5,0.5,0.2,1.5146875381469727,0.037933622182986716,0.8645989656448364,0.04263910006075881,1.9432781219482422,0.03952972869071332,0.11787572621206806,0.23479230684249314,0.0925348975165756,0.15622984809298762,0.025694882546333443,0.08413855276700921,1.4631233215332031,0.049265668186089386,2.0231179714202883,0.059751118588463686,0.4945212662220001,0.025205255002299955,0.28415429086167143,0.08866861326350159,0.2123522402556072,0.11918306961523495,0.15234053690945215,0.0390868937507402,332.2,1.469693845669907
omission,0.5,0.5,0.5,1.5146875381469727,0.037933622182986716,0.8645989656448364,0.04263910006075881,1.9432781219482422,0.03952972869071332,0.11787572621206806,0.23479230684249314,0.0925348975165756,0.15622984809298762,0.025694882546333443,0.08413855276700921,1.4712370395660401,0.06576962283156883,2.035817360877991,0.07783138511051228,0.49013455510139464,0.023363433746129935,0.3169593100356899,0.06745042486080409,0.20760730102900893,0.09256660805004983,0.19773389921940904,0.05761407538479428,831.2,2.993325909419153
omission,0.5,0.5,1.0,1.5146875381469727,0.037933622182986716,0.8645989656448364,0.04263910006075881,1.9432781219482422,0.03952972869071332,0.11787572621206806,0.23479230684249314,0.0925348975165756,0.15622984809298762,0.025694882546333443,0.08413855276700921,1.4257588624954223,0.11859983503396347,1.9700196743011475,0.14764060570739693,0.48103286027908326,0.028065206387873128,0.4117930947282938,0.11388363607836723,0.2596948635855686,0.09755179461837929,0.26127820903404075,0.09671237551936017,1663.2,6.079473661428265
omission,1.0,0.5,0.0,1.0225371599197388,0.04193827772952256,0.7054483771324158,0.07410422489941088,1.2519720315933227,0.042393146345886444,0.6467475794698639,0.03533283237430524,0.5813408126668086,0.08800275439549564,0.25513426609378453,0.03184667314719234,,,,,,,,,,,,,0.0,0.0
omission,1.0,0.5,0.05,1.0225371599197388,0.04193827772952256,0.7054483771324158,0.07410422489941088,1.2519720315933227,0.042393146345886444,0.6467475794698639,0.03533283237430524,0.5813408126668086,0.08800275439549564,0.25513426609378453,0.03184667314719234,1.087367832660675,0.09951499321935532,1.4383078575134278,0.15914666814319403,0.5664935827255249,0.02591606768465869,0.600835739677426,0.06768028596262736,0.544287147630331,0.08806015393573906,0.2316968738921171,0.03626474113993357,82.6,0.4898979485566356
omission,1.0,0.5,0.1,1.0225371599197388,0.04193827772952256,0.7054483771324158,0.07410422489941088,1.2519720315933227,0.042393146345886444,0.6467475794698639,0.03533283237430524,0.5813408126668086,0.08800275439549564,0.25513426609378453,0.03184667314719234,1.1351356506347656,0.10184416865864818,1.5214370489120483,0.1619001920971335,0.5399006366729736,0.024403490534399986,0.615248915851121,0.06032096096497213,0.5374709019315934,0.09739700733197841,0.255576220046147,0.03657722964616259,165.8,0.7483314773547882
omission,1.0,0.5,0.2,1.0225371599197388,0.04193827772952256,0.7054483771324158,0.07410422489941088,1.2519720315933227,0.042393146345886444,0.6467475794698639,0.03533283237430524,0.5813408126668086,0.08800275439549564,0.25513426609378453,0.03184667314719234,1.157030415534973,0.06603775123321019,1.5623180627822877,0.10382919406523253,0.517029732465744,0.02691567929599146,0.6331628974086643,0.033853394560397695,0.5445706806751858,0.07603568809588017,0.2967810724060265,0.044995954227315976,332.2,1.469693845669907
omission,1.0,0.5,0.5,1.0225371599197388,0.04193827772952256,0.7054483771324158,0.07410422489941088,1.2519720315933227,0.042393146345886444,0.6467475794698639,0.03533283237430524,0.5813408126668086,0.08800275439549564,0.25513426609378453,0.03184667314719234,1.1737459182739258,0.09315551720413588,1.5965625762939453,0.14268518182991968,0.4874539077281952,0.022760653602440287,0.6656092925556305,0.02572165871778902,0.5457451445233505,0.074334853356912,0.3446770215866516,0.021443337047147095,831.2,2.993325909419153
omission,1.0,0.5,1.0,1.0225371599197388,0.04193827772952256,0.7054483771324158,0.07410422489941088,1.2519720315933227,0.042393146345886444,0.6467475794698639,0.03533283237430524,0.5813408126668086,0.08800275439549564,0.25513426609378453,0.03184667314719234,1.1656888008117676,0.05854344277451436,1.589834713935852,0.08251059133193513,0.4713505387306213,0.02272804193373364,0.6654056879570696,0.017966607856495745,0.5161848108661113,0.04545913863458869,0.39291177051488857,0.04769991857592427,1663.2,6.079473661428265
ynoise,0.0,0.9,0.0,0.7747477293014526,0.044008760242327936,1.1900306940078735,0.20010409679400779,0.7169817328453064,0.04157318573505423,0.7660860507328664,0.020974711479371674,0.51753836949414,0.053445201968982066,0.7090218309525508,0.016874783653778418,,,,,,,,,,,,,0.0,0.0
ynoise,0.0,0.9,0.05,0.7747477293014526,0.044008760242327936,1.1900306940078735,0.20010409679400779,0.7169817328453064,0.04157318573505423,0.7660860507328664,0.020974711479371674,0.51753836949414,0.053445201968982066,0.7090218309525508,0.016874783653778418,0.7790396451950073,0.04207490685775947,1.3097849130630492,0.26278137976089155,0.6985449075698853,0.017900169364869715,0.7634505153799821,0.017322562534169278,0.46701867242686035,0.09895037966490157,0.7055494693313122,0.022425879043377266,150.6,0.4898979485566356
ynoise,0.0,0.9,0.1,0.7747477293014526,0.044008760242327936,1.1900306940078735,0.20010409679400779,0.7169817328453064,0.04157318573505423,0.7660860507328664,0.020974711479371674,0.51753836949414,0.053445201968982066,0.7090218309525508,0.016874783653778418,0.7803241610527039,0.04556950443343483,1.341153073310852,0.2812659370198713,0.6935534834861755,0.026428182933580898,0.7608068757045471,0.023969188990273175,0.45073645307901966,0.11894584793257129,0.7026252227074277,0.0265985552710001,301.4,0.8
ynoise,0.0,0.9,0.2,0.7747477293014526,0.044008760242327936,1.1900306940078735,0.20010409679400779,0.7169817328453064,0.04157318573505423,0.7660860507328664,0.020974711479371674,0.51753836949414,0.053445201968982066,0.7090218309525508,0.016874783653778418,0.7820352673530578,0.04980400322386513,1.358460247516632,0.31057988706081674,0.6917816996574402,0.025239335067788134,0.7632727507137849,0.02212889030039419,0.43665432604480053,0.10852205275221831,0.7071679444446614,0.020378742894571627,603.2,1.469693845669907
ynoise,0.0,0.9,0.5,0.7747477293014526,0.044008760242327936,1.1900306940078735,0.20010409679400779,0.7169817328453064,0.04157318573505423,0.7660860507328664,0.020974711479371674,0.51753836949414,0.053445201968982066,0.7090218309525508,0.016874783653778418,0.7644787192344665,0.036972591653927606,1.3254276514053345,0.27377204494609986,0.6759657621383667,0.018612535110797766,0.773039705215973,0.01851021771560655,0.44366006281535747,0.10538073159436442,0.71949514365607,0.015748864989268443,1508.8,4.166533331199932
ynoise,0.0,0.9,1.0,0.7747477293014526,0.044008760242327936,1.1900306940078735,0.20010409679400779,0.7169817328453064,0.04157318573505423,0.7660860507328664,0.020974711479371674,0.51753836949414,0.053445201968982066,0.7090218309525508,0.016874783653778418,0.7554407835006713,0.04796526868713916,1.335720992088318,0.2735858659090391,0.663126540184021,0.019664437638281816,0.7833135114679906,0.020509354565465328,0.4630954475443283,0.07950132411214657,0.7315704567886405,0.01709555750610761,3018.2,7.934733769950949
ynoise,0.5,0.9,0.0,0.779932188987732,0.01924437413124302,1.1877003908157349,0.29031058313300195,0.7172487735748291,0.034080967249515995,0.7438940764813244,0.023379808007207813,0.5017646891317552,0.029458289213707217,0.6826500745924486,0.019985266182222548,,,,,,,,,,,,,0.0,0.0
ynoise,0.5,0.9,0.05,0.779932188987732,0.01924437413124302,1.1877003908157349,0.29031058313300195,0.7172487735748291,0.034080967249515995,0.7438940764813244,0.023379808007207813,0.5017646891317552,0.029458289213707217,0.6826500745924486,0.019985266182222548,0.7922997355461121,0.03712911247117716,1.3545333623886109,0.2951323410341383,0.7042091250419616,0.021146956261227538,0.7448872045765279,0.022999739081968562,0.4378567866102869,0.09666936534817948,0.6849555545740417,0.01709685359332265,150.6,0.4898979485566356
ynoise,0.5,0.9,0.1,0.779932188987732,0.01924437413124302,1.1877003908157349,0.29031058313300195,0.7172487735748291,0.034080967249515995,0.7438940764813244,0.023379808007207813,0.5017646891317552,0.029458289213707217,0.6826500745924486,0.019985266182222548,0.7968047976493835,0.037065330523123524,1.3831066012382507,0.31941283568827866,0.7025749444961548,0.02975511368203678,0.740089568792769,0.028097358924757416,0.43473998100033995,0.1228249334779186,0.678377394697094,0.02579402950721257,301.4,0.8
ynoise,0.5,0.9,0.2,0.779932188987732,0.01924437413124302,1.1877003908157349,0.29031058313300195,0.7172487735748291,0.034080967249515995,0.7438940764813244,0.023379808007207813,0.5017646891317552,0.029458289213707217,0.6826500745924486,0.019985266182222548,0.80650874376297,0.04043761001830006,1.4314318656921388,0.3262408556154518,0.704953670501709,0.030816585429229847,0.743471548593784,0.02575313606349815,0.4221578391501559,0.09222105684912535,0.6834795904977917,0.019117434181541756,603.2,1.469693845669907
ynoise,0.5,0.9,0.5,0.779932188987732,0.01924437413124302,1.1877003908157349,0.29031058313300195,0.7172487735748291,0.034080967249515995,0.7438940764813244,0.023379808007207813,0.5017646891317552,0.029458289213707217,0.6826500745924486,0.019985266182222548,0.7797696590423584,0.028626781638817187,1.3755220413208007,0.28374132308847017,0.6828929543495178,0.024585628941362046,0.7602681638302302,0.02322288027452964,0.42809986554560736,0.07788935579859528,0.7034043255222799,0.020666562137940634,1508.8,4.166533331199932
ynoise,0.5,0.9,1.0,0.779932188987732,0.01924437413124302,1.1877003908157349,0.29031058313300195,0.7172487735748291,0.034080967249515995,0.7438940764813244,0.023379808007207813,0.5017646891317552,0.029458289213707217,0.6826500745924486,0.019985266182222548,0.766109824180603,0.029256229005651873,1.3731029033660889,0.25960313661528417,0.6671887397766113,0.020994339795298758,0.7728914502437718,0.02255222723501451,0.4391454268698684,0.0635587332101319,0.719184124607475,0.021401221893881092,3018.2,7.934733769950949
ynoise,2.0,0.9,0.0,0.9070635199546814,0.011160315155192814,1.389566135406494,0.19898783562099218,0.8331113576889038,0.04071698595569666,0.6557071094270837,0.02548559762839025,0.4302928877290462,0.0863561680729912,0.5826166906926991,0.014372104572991882,,,,,,,,,,,,,0.0,0.0
ynoise,2.0,0.9,0.05,0.9070635199546814,0.011160315155192814,1.389566135406494,0.19898783562099218,0.8331113576889038,0.04071698595569666,0.6557071094270837,0.02548559762839025,0.4302928877290462,0.0863561680729912,0.5826166906926991,0.014372104572991882,0.875122332572937,0.028667063564348224,1.5880146265029906,0.1938504489452246,0.7632702469825745,0.020402544351140448,0.6696312796387243,0.02749143706699777,0.42148650948088895,0.051008318723613465,0.6005010385418548,0.021545968318064334,150.6,0.4898979485566356
ynoise,2.0,0.9,0.1,0.9070635199546814,0.011160315155192814,1.389566135406494,0.19898783562099218,0.8331113576889038,0.04071698595569666,0.6557071094270837,0.02548559762839025,0.4302928877290462,0.0863561680729912,0.5826166906926991,0.014372104572991882,0.8771580696105957,0.02307056853620606,1.6156577348709107,0.21827543906513608,0.7598397254943847,0.021774644879603695,0.66535887918321,0.030338289748256503,0.3950706103537332,0.06468828389378284,0.5942396941226242,0.02547927917437962,301.4,0.8
ynoise,2.0,0.9,0.2,0.9070635199546814,0.011160315155192814,1.389566135406494,0.19898783562099218,0.8331113576889038,0.04071698595569666,0.6557071094270837,0.02548559762839025,0.4302928877290462,0.0863561680729912,0.5826166906926991,0.014372104572991882,0.878912341594696,0.03061500444357125,1.651133918762207,0.22322307538205813,0.755384087562561,0.01796619423618144,0.6750266076237803,0.03080860821969519,0.38102398020565803,0.08006652592786206,0.6068259047327335,0.023039549934273415,603.2,1.469693845669907
ynoise,2.0,0.9,0.5,0.9070635199546814,0.011160315155192814,1.389566135406494,0.19898783562099218,0.8331113576889038,0.04071698595569666,0.6557071094270837,0.02548559762839025,0.4302928877290462,0.0863561680729912,0.5826166906926991,0.014372104572991882,0.8221101880073547,0.03682322907238994,1.518130612373352,0.24617647629489386,0.7081857919692993,0.01634140617233468,0.7397415071095516,0.03226579315168517,0.3717662018771227,0.03838817957727997,0.6836691136058708,0.029061175312141245,1508.8,4.166533331199932
ynoise,2.0,0.9,1.0,0.9070635199546814,0.011160315155192814,1.389566135406494,0.19898783562099218,0.8331113576889038,0.04071698595569666,0.6557071094270837,0.02548559762839025,0.4302928877290462,0.0863561680729912,0.5826166906926991,0.014372104572991882,0.7877478003501892,0.04257924186174389,1.4903369903564454,0.21383785537404548,0.6711801767349244,0.025986111150298384,0.7725108877392646,0.029139087780973186,0.3298495245020011,0.0681987036495989,0.7227124166370281,0.027401659813094618,3018.2,7.934733769950949
ynoise,5.0,0.9,0.0,1.1103536367416382,0.04977147983490634,1.4819104433059693,0.17275707306840163,1.0561402320861817,0.08041133348762379,0.49452704030545513,0.057694598921418844,0.3579448934332857,0.08722139953779745,0.40733085526549245,0.044252002771614576,,,,,,,,,,,,,0.0,0.0
ynoise,5.0,0.9,0.05,1.1103536367416382,0.04977147983490634,1.4819104433059693,0.17275707306840163,1.0561402320861817,0.08041133348762379,0.49452704030545513,0.057694598921418844,0.3579448934332857,0.08722139953779745,0.40733085526549245,0.044252002771614576,0.9972702622413635,0.017359462736708492,1.9189915180206298,0.17378423012330282,0.8478495836257934,0.028406523123688243,0.5337190336411225,0.068681347096387,0.3723295663944114,0.05286936621285162,0.45773429248620684,0.0624897909536235,150.6,0.4898979485566356
ynoise,5.0,0.9,0.1,1.1103536367416382,0.04977147983490634,1.4819104433059693,0.17275707306840163,1.0561402320861817,0.08041133348762379,0.49452704030545513,0.057694598921418844,0.3579448934332857,0.08722139953779745,0.40733085526549245,0.044252002771614576,0.9704385757446289,0.015315671109851279,1.8133451700210572,0.2133226130649694,0.8338559627532959,0.0462974211512316,0.5663169076661505,0.08015676552974958,0.38714590400804866,0.05559417832079401,0.4886448642615756,0.08087141152084268,301.4,0.8
ynoise,5.0,0.9,0.2,1.1103536367416382,0.04977147983490634,1.4819104433059693,0.17275707306840163,1.0561402320861817,0.08041133348762379,0.49452704030545513,0.057694598921418844,0.3579448934332857,0.08722139953779745,0.40733085526549245,0.044252002771614576,0.9372095108032227,0.03467384753472257,1.7787928581237793,0.24140605760180675,0.8027482986450195,0.024337018579968724,0.6127271757856765,0.07515457279486915,0.37216309610662207,0.12417015964420589,0.5379307562536102,0.0796406010540166,603.2,1.469693845669907
ynoise,5.0,0.9,0.5,1.1103536367416382,0.04977147983490634,1.4819104433059693,0.17275707306840163,1.0561402320861817,0.08041133348762379,0.49452704030545513,0.057694598921418844,0.3579448934332857,0.08722139953779745,0.40733085526549245,0.044252002771614576,0.8332033753395081,0.026931937033189496,1.568284010887146,0.1428073716086493,0.7131857752799988,0.02454516402217879,0.7272171563925456,0.02457119313948316,0.3546724216538686,0.05793222215873946,0.671780171596864,0.026286467359215273,1508.8,4.166533331199932
ynoise,5.0,0.9,1.0,1.1103536367416382,0.04977147983490634,1.4819104433059693,0.17275707306840163,1.0561402320861817,0.08041133348762379,0.49452704030545513,0.057694598921418844,0.3579448934332857,0.08722139953779745,0.40733085526549245,0.044252002771614576,0.8001580476760864,0.02614882021372299,1.5576197385787964,0.16729506245197748,0.6727236390113831,0.039742630793300926,0.7722119639845412,0.024118270245616837,0.36836430074202076,0.08798169367656199,0.7230879459324947,0.027197675764404718,3018.2,7.934733769950949
xnoise,1.0-1.0,0.9,0.0,0.7747477293014526,0.044008760242327936,1.1900306940078735,0.20010409679400779,0.7169817328453064,0.04157318573505423,0.7660860507328664,0.020974711479371674,0.51753836949414,0.053445201968982066,0.7090218309525508,0.016874783653778418,,,,,,,,,,,,,0.0,0.0
xnoise,1.0-1.0,0.9,0.05,0.7747477293014526,0.044008760242327936,1.1900306940078735,0.20010409679400779,0.7169817328453064,0.04157318573505423,0.7660860507328664,0.020974711479371674,0.51753836949414,0.053445201968982066,0.7090218309525508,0.016874783653778418,0.7790396451950073,0.04207490685775947,1.3097849130630492,0.26278137976089155,0.6985449075698853,0.017900169364869715,0.7634505153799821,0.017322562534169278,0.46701867242686035,0.09895037966490157,0.7055494693313122,0.022425879043377266,150.6,0.4898979485566356
xnoise,1.0-1.0,0.9,0.1,0.7747477293014526,0.044008760242327936,1.1900306940078735,0.20010409679400779,0.7169817328453064,0.04157318573505423,0.7660860507328664,0.020974711479371674,0.51753836949414,0.053445201968982066,0.7090218309525508,0.016874783653778418,0.7803241610527039,0.04556950443343483,1.341153073310852,0.2812659370198713,0.6935534834861755,0.026428182933580898,0.7608068757045471,0.023969188990273175,0.45073645307901966,0.11894584793257129,0.7026252227074277,0.0265985552710001,301.4,0.8
xnoise,1.0-1.0,0.9,0.2,0.7747477293014526,0.044008760242327936,1.1900306940078735,0.20010409679400779,0.7169817328453064,0.04157318573505423,0.7660860507328664,0.020974711479371674,0.51753836949414,0.053445201968982066,0.7090218309525508,0.016874783653778418,0.7820352673530578,0.04980400322386513,1.358460247516632,0.31057988706081674,0.6917816996574402,0.025239335067788134,0.7632727507137849,0.02212889030039419,0.43665432604480053,0.10852205275221831,0.7071679444446614,0.020378742894571627,603.2,1.469693845669907
xnoise,1.0-1.0,0.9,0.5,0.7747477293014526,0.044008760242327936,1.1900306940078735,0.20010409679400779,0.7169817328453064,0.04157318573505423,0.7660860507328664,0.020974711479371674,0.51753836949414,0.053445201968982066,0.7090218309525508,0.016874783653778418,0.7644787192344665,0.036972591653927606,1.3254276514053345,0.27377204494609986,0.6759657621383667,0.018612535110797766,0.773039705215973,0.01851021771560655,0.44366006281535747,0.10538073159436442,0.71949514365607,0.015748864989268443,1508.8,4.166533331199932
xnoise,1.0-1.0,0.9,1.0,0.7747477293014526,0.044008760242327936,1.1900306940078735,0.20010409679400779,0.7169817328453064,0.04157318573505423,0.7660860507328664,0.020974711479371674,0.51753836949414,0.053445201968982066,0.7090218309525508,0.016874783653778418,0.7554407835006713,0.04796526868713916,1.335720992088318,0.2735858659090391,0.663126540184021,0.019664437638281816,0.7833135114679906,0.020509354565465328,0.4630954475443283,0.07950132411214657,0.7315704567886405,0.01709555750610761,3018.2,7.934733769950949
xnoise,0.8-1.0,0.9,0.0,0.8520818948745728,0.03528951820723326,1.332960319519043,0.3197591594433151,0.7756458878517151,0.05861874885759053,0.6971855988703997,0.01565235449999225,0.5119153279445734,0.04705127015428004,0.6324207389859844,0.031152666368230775,,,,,,,,,,,,,0.0,0.0
xnoise,0.8-1.0,0.9,0.05,0.8359858512878418,0.04077391595491137,1.2840007305145265,0.2389552660280266,0.768830668926239,0.03238068214571491,0.7069752222146755,0.010105999771251402,0.5138712100195586,0.032191921553059256,0.6443260165094639,0.026213453980999377,0.8309906601905823,0.031185687335039132,1.4563280582427978,0.19974788275009756,0.7353727221488953,0.04236790698965074,0.7145893279771911,0.00949186284488376,0.4221235793768877,0.08668380084028937,0.6526277184377337,0.027433939555516252,150.6,0.4898979485566356
xnoise,0.8-1.0,0.9,0.1,0.850268030166626,0.0473161397357246,1.2865291833877563,0.23792819076005664,0.7875396847724915,0.05622527624779162,0.6999585198584511,0.011559193648288864,0.4913697275582168,0.04238987960660095,0.6356089144721342,0.017050373100585447,0.8524305820465088,0.02549780855474773,1.5056714773178101,0.19367007222710744,0.7492343068122864,0.050045755096022985,0.7077023729027011,0.02015157744607475,0.4151741078566637,0.04565586020978501,0.6426933752090992,0.022799273823816836,301.4,0.8
xnoise,0.8-1.0,0.9,0.2,0.8594727158546448,0.05684851451843956,1.4250077486038208,0.27292249870097585,0.7726498723030091,0.05016495617309703,0.6915826034271944,0.008009464840391384,0.5209789095277565,0.06608912370839895,0.6267863335128296,0.022121968205376676,0.8633331775665283,0.029537465413967987,1.6448143243789672,0.18408573793460595,0.733165168762207,0.030252683462088883,0.7034879675943542,0.017037505888208914,0.44589295329126755,0.11653279975078143,0.6440474194930234,0.024634335316098353,603.2,1.469693845669907
xnoise,0.8-1.0,0.9,0.5,0.8382517695426941,0.03555001105506544,1.3403283834457398,0.18269533695775692,0.7641689538955688,0.04171610060451558,0.7048162125380214,0.012517066249587774,0.49022397469530576,0.029338933882001966,0.6459823784516014,0.012617818141163906,0.8258177757263183,0.04425577818849655,1.494244933128357,0.19978134473678344,0.716384756565094,0.04555292844961145,0.7325156573170164,0.017467609745646526,0.39163033153195775,0.0500892628815383,0.6783734390649373,0.03115414842357604,1508.8,4.166533331199932
xnoise,0.8-1.0,0.9,1.0,0.8670916318893432,0.08465021715987571,1.3989053249359131,0.28789456662324636,0.7849897623062134,0.07557437339421431,0.6981033232093232,0.016608481994687778,0.5094457771374812,0.02446863121064374,0.635251465689947,0.03435685899985507,0.7930418133735657,0.03231904376385482,1.4966049909591674,0.17582567239272978,0.6757906675338745,0.039734014302674286,0.7653864900617282,0.023770329786766766,0.3943674531231564,0.05353078047580739,0.7159264630770368,0.029210140022372016,3018.2,7.934733769950949
xnoise,0.3-0.4,0.9,0.0,1.0200783371925355,0.05290161862276997,1.2664278745651245,0.12118332168023996,0.9905610799789428,0.053019446846392905,0.5655230839433849,0.033336987400925076,0.505806411801324,0.1449323391359828,0.4830454523949195,0.036869394522354215,,,,,,,,,,,,,0.0,0.0
xnoise,0.3-0.4,0.9,0.05,0.9869275212287902,0.03728284516875092,1.3028335332870484,0.2165727798776869,0.9436789631843567,0.051517890871158364,0.5914233193865274,0.01675279235798367,0.45612229360031264,0.11327726334995611,0.5116487116611589,0.027193394491130334,0.911486804485321,0.028043837353921817,1.733600878715515,0.19740314111437854,0.7785438895225525,0.02634518296533983,0.6312325983493843,0.02358892651985505,0.4278573677050976,0.12218426245893779,0.5581064259023133,0.036339332621026656,150.6,0.4898979485566356
xnoise,0.3-0.4,0.9,0.1,1.0181653141975402,0.062439795984095194,1.3141512870788574,0.27172237161891444,0.9797473907470703,0.08652318251142477,0.5682681964102984,0.03196536341949374,0.48431323636111034,0.14659301838993913,0.47952527955913987,0.03890958409783124,0.9110111236572266,0.030136945667389014,1.7227763652801513,0.26376329939653703,0.7803279638290406,0.02493708564295167,0.6410480696633991,0.026761838007051387,0.418796470961684,0.16299562822743976,0.568705164481443,0.025100421687121118,301.4,0.8
xnoise,0.3-0.4,0.9,0.2,0.978026807308197,0.0304674343678365,1.3490192413330078,0.22166283385763044,0.9250943779945373,0.035089991134951516,0.5820424805369128,0.03319749671233237,0.5020789117095001,0.14119537956356126,0.5023028681066573,0.04230317111052132,0.901743757724762,0.02491060264769556,1.6950492858886719,0.25670646312439466,0.7738829970359802,0.0392015097660947,0.6567267281480904,0.029786945266557698,0.33230666403878384,0.11750398305570324,0.5942263706622444,0.031206119566695625,603.2,1.469693845669907
xnoise,0.3-0.4,0.9,0.5,1.016083002090454,0.0794466837994018,1.3357800126075745,0.282983885013294,0.9671608209609985,0.10905690637402138,0.5617697002250014,0.035203088868784725,0.49686944762981955,0.11586582999422641,0.47375975695349515,0.04743245079092,0.8312400460243226,0.026906223509007954,1.5137101888656617,0.17620529187251902,0.7214149475097656,0.023057351136838072,0.7212972667549413,0.025965069266395798,0.36814221223023347,0.06873310742490595,0.6615256640809635,0.026607643974911378,1508.8,4.166533331199932
xnoise,0.3-0.4,0.9,1.0,0.9866151332855224,0.033754261556272654,1.3008390426635743,0.13712976980826175,0.9492460131645203,0.043503904243350905,0.5718302643631221,0.027534158520559602,0.4653894606060021,0.07001707040564896,0.4838996596522212,0.03662724583390794,0.7930458068847657,0.030688039763750893,1.5027936458587647,0.17269282240033854,0.6742431044578552,0.03335138016184392,0.7734935403916863,0.01860878597508426,0.4250681523208343,0.03351800677504664,0.7221221738031115,0.020299654659451462,3018.2,7.934733769950949
xnoise,0-0.05,0.9,0.0,2.738324785232544,0.1332076018200555,0.690039473772049,0.12883371501655455,2.8665647506713867,0.12339432418194626,-0.10908994756927182,0.03273275759067171,0.17488586602814055,0.2211851712311346,-0.1214470132490287,0.03081950967403409,,,,,,,,,,,,,0.0,0.0
xnoise,0-0.05,0.9,0.05,2.6702439308166506,0.19732202417922437,0.711682116985321,0.10542078997233856,2.794917869567871,0.2040256692813781,-0.10182465269179734,0.03925957098892257,0.16170837519690265,0.19680577676514371,-0.10493973196530834,0.02980125861790808,1.1302819728851319,0.06282867102900236,2.3820597648620607,0.2229021460825647,0.9047793507575989,0.04051084934764066,0.3563449003673747,0.09861642810266741,0.20634744546906353,0.08188870938132493,0.30937455491947674,0.09947528863069581,150.6,0.4898979485566356
xnoise,0-0.05,0.9,0.1,2.7151878833770753,0.18952777663766168,0.7099236369132995,0.13997687944144246,2.840647745132446,0.17714008127731684,-0.10490606222363721,0.06667212477261646,0.18191654043503658,0.150743170258662,-0.11594602638257048,0.04141677023923661,1.0655662536621093,0.031098852858948003,2.145769476890564,0.20635547881320343,0.8795115947723389,0.043172969360095306,0.4681941269162203,0.07436955587290309,0.2727532004447396,0.0747207362324617,0.39674405519988654,0.06496355224808247,301.4,0.8
xnoise,0-0.05,0.9,0.2,2.6863340854644777,0.16520340608375159,0.7237002849578857,0.09061007535745291,2.8111141204833983,0.1613138915000338,-0.1148473920369846,0.033359786107985165,0.19482075690567852,0.14732145765289087,-0.12240092890426617,0.020734995296094547,0.9913575887680054,0.023004050478887,1.9860649347305297,0.180905406960922,0.823573625087738,0.03408283534591397,0.5748119581161845,0.042513774666553254,0.33972131364646796,0.08505405226821562,0.5057763464762133,0.039729179688809915,603.2,1.469693845669907
xnoise,0-0.05,0.9,0.5,2.635414695739746,0.10825592019086618,0.7265251159667969,0.1020230989327972,2.7577191829681396,0.1029489030550982,-0.10410908981243701,0.05126643808320329,0.19985586931852242,0.19196522200849367,-0.1210240514166265,0.03468932487066126,0.8379305362701416,0.03414093269055224,1.585006546974182,0.1426192492705025,0.7145601153373718,0.018638701998473232,0.7199620577944075,0.022323812202280812,0.3604239013243207,0.10218427030548821,0.6596685686661145,0.022455747100709984,1508.8,4.166533331199932
xnoise,0-0.05,0.9,1.0,2.6958531379699706,0.1159741623712053,0.7398511171340942,0.12085426272929391,2.8212584972381594,0.11421943004211274,-0.10373881970873358,0.03996876838114702,0.15716653362329774,0.20804133473442113,-0.10913361899503367,0.03308709003985223,0.793369448184967,0.03175265129249188,1.4916326522827148,0.17628935109481914,0.678496515750885,0.021060730123583404,0.7591874963350633,0.02465048654394064,0.3994239059349439,0.10366429289023235,0.7098990731865209,0.024546705637151146,3018.2,7.934733769950949
omission,0.0,0.9,0.0,0.7747477293014526,0.044008760242327936,1.1900306940078735,0.20010409679400779,0.7169817328453064,0.04157318573505423,0.7660860507328664,0.020974711479371674,0.51753836949414,0.053445201968982066,0.7090218309525508,0.016874783653778418,,,,,,,,,,,,,0.0,0.0
omission,0.0,0.9,0.05,0.7747477293014526,0.044008760242327936,1.1900306940078735,0.20010409679400779,0.7169817328453064,0.04157318573505423,0.7660860507328664,0.020974711479371674,0.51753836949414,0.053445201968982066,0.7090218309525508,0.016874783653778418,0.7790396451950073,0.04207490685775947,1.3097849130630492,0.26278137976089155,0.6985449075698853,0.017900169364869715,0.7634505153799821,0.017322562534169278,0.46701867242686035,0.09895037966490157,0.7055494693313122,0.022425879043377266,150.6,0.4898979485566356
omission,0.0,0.9,0.1,0.7747477293014526,0.044008760242327936,1.1900306940078735,0.20010409679400779,0.7169817328453064,0.04157318573505423,0.7660860507328664,0.020974711479371674,0.51753836949414,0.053445201968982066,0.7090218309525508,0.016874783653778418,0.7803241610527039,0.04556950443343483,1.341153073310852,0.2812659370198713,0.6935534834861755,0.026428182933580898,0.7608068757045471,0.023969188990273175,0.45073645307901966,0.11894584793257129,0.7026252227074277,0.0265985552710001,301.4,0.8
omission,0.0,0.9,0.2,0.7747477293014526,0.044008760242327936,1.1900306940078735,0.20010409679400779,0.7169817328453064,0.04157318573505423,0.7660860507328664,0.020974711479371674,0.51753836949414,0.053445201968982066,0.7090218309525508,0.016874783653778418,0.7820352673530578,0.04980400322386513,1.358460247516632,0.31057988706081674,0.6917816996574402,0.025239335067788134,0.7632727507137849,0.02212889030039419,0.43665432604480053,0.10852205275221831,0.7071679444446614,0.020378742894571627,603.2,1.469693845669907
omission,0.0,0.9,0.5,0.7747477293014526,0.044008760242327936,1.1900306940078735,0.20010409679400779,0.7169817328453064,0.04157318573505423,0.7660860507328664,0.020974711479371674,0.51753836949414,0.053445201968982066,0.7090218309525508,0.016874783653778418,0.7644787192344665,0.036972591653927606,1.3254276514053345,0.27377204494609986,0.6759657621383667,0.018612535110797766,0.773039705215973,0.01851021771560655,0.44366006281535747,0.10538073159436442,0.71949514365607,0.015748864989268443,1508.8,4.166533331199932
omission,0.0,0.9,1.0,0.7747477293014526,0.044008760242327936,1.1900306940078735,0.20010409679400779,0.7169817328453064,0.04157318573505423,0.7660860507328664,0.020974711479371674,0.51753836949414,0.053445201968982066,0.7090218309525508,0.016874783653778418,0.7554407835006713,0.04796526868713916,1.335720992088318,0.2735858659090391,0.663126540184021,0.019664437638281816,0.7833135114679906,0.020509354565465328,0.4630954475443283,0.07950132411214657,0.7315704567886405,0.01709555750610761,3018.2,7.934733769950949
omission,0.5,0.9,0.0,1.028405487537384,0.0310485341430247,1.3613439321517944,0.21290983149794723,0.985087776184082,0.037459625075139676,0.5437699167293653,0.0335726450306619,0.42171779651274327,0.14891383636990588,0.46427294946715725,0.026363128384733987,,,,,,,,,,,,,0.0,0.0
omission,0.5,0.9,0.05,1.028405487537384,0.0310485341430247,1.3613439321517944,0.21290983149794723,0.985087776184082,0.037459625075139676,0.5437699167293653,0.0335726450306619,0.42171779651274327,0.14891383636990588,0.46427294946715725,0.026363128384733987,0.9692108273506165,0.04252833103816564,1.7928458452224731,0.18583637296888142,0.8367459654808045,0.02343024974447027,0.5527499523698682,0.028182066314780586,0.3913535544476227,0.15693491676502372,0.4752886517440311,0.02735707264562979,150.6,0.4898979485566356
omission,0.5,0.9,0.1,1.028405487537384,0.0310485341430247,1.3613439321517944,0.21290983149794723,0.985087776184082,0.037459625075139676,0.5437699167293653,0.0335726450306619,0.42171779651274327,0.14891383636990588,0.46427294946715725,0.026363128384733987,0.9745540738105773,0.04446597082968066,1.8644433736801147,0.19711237741427537,0.828147006034851,0.017987205245908255,0.5565857150194826,0.03007653436050748,0.39132052485366775,0.15290119208339098,0.48135699792303654,0.02770686608265529,301.4,0.8
omission,0.5,0.9,0.2,1.028405487537384,0.0310485341430247,1.3613439321517944,0.21290983149794723,0.985087776184082,0.037459625075139676,0.5437699167293653,0.0335726450306619,0.42171779651274327,0.14891383636990588,0.46427294946715725,0.026363128384733987,0.9758906483650207,0.04167085341774717,1.9136548280715941,0.16290986276132569,0.8183430910110474,0.01789312969531968,0.5639705259873866,0.03718840200303897,0.37840938631957516,0.16459399568786584,0.48977375980601784,0.03737786249962032,603.2,1.469693845669907
omission,0.5,0.9,0.5,1.028405487537384,0.0310485341430247,1.3613439321517944,0.21290983149794723,0.985087776184082,0.037459625075139676,0.5437699167293653,0.0335726450306619,0.42171779651274327,0.14891383636990588,0.46427294946715725,0.026363128384733987,0.9741588354110717,0.04418897001596896,1.9468504905700683,0.15340375505060097,0.8074605822563171,0.01836016193592625,0.5778722456583585,0.034118092857669854,0.3614430527345233,0.16793561272257776,0.506004014649242,0.037562974136546,1508.8,4.166533331199932
omission,0.5,0.9,1.0,1.028405487537384,0.0310485341430247,1.3613439321517944,0.21290983149794723,0.985087776184082,0.037459625075139676,0.5437699167293653,0.0335726450306619,0.42171779651274327,0.14891383636990588,0.46427294946715725,0.026363128384733987,0.8895435452461242,0.060704413732886854,1.728693413734436,0.16285594240241041,0.7446339368820191,0.030892131955937804,0.6724025153019514,0.05987883139845585,0.3768584232379504,0.06186758564981637,0.6095956855426689,0.07632138515241824,3018.2,7.934733769950949
omission,1.0,0.9,0.0,2.36049370765686,0.0723516547628766,0.47864952087402346,0.05404429147694774,2.4750696659088134,0.08039063417125623,0.3825519820939609,0.0357940631868644,0.4866960152697345,0.04674735341245694,0.2893567139351065,0.041877763240518,,,,,,,,,,,,,0.0,0.0
omission,1.0,0.9,0.05,2.36049370765686,0.0723516547628766,0.47864952087402346,0.05404429147694774,2.4750696659088134,0.08039063417125623,0.3825519820939609,0.0357940631868644,0.4866960152697345,0.04674735341245694,0.2893567139351065,0.041877763240518,1.0416900634765625,0.10182093848606931,2.081141543388367,0.29754474323275787,0.8541585683822632,0.04488441946960722,0.4876010291639449,0.11142599168495379,0.34560047658539916,0.08956500838947047,0.4230734453150605,0.12122652867774278,150.6,0.4898979485566356
omission,1.0,0.9,0.1,2.36049370765686,0.0723516547628766,0.47864952087402346,0.05404429147694774,2.4750696659088134,0.08039063417125623,0.3825519820939609,0.0357940631868644,0.4866960152697345,0.04674735341245694,0.2893567139351065,0.041877763240518,1.059934914112091,0.12712526183090755,2.147472786903381,0.4360730021449228,0.8559036016464233,0.04530430034936292,0.4734690808589509,0.13323556565940803,0.39573696862144847,0.0838937237677324,0.40481207941182457,0.12840312242918758,301.4,0.8
omission,1.0,0.9,0.2,2.36049370765686,0.0723516547628766,0.47864952087402346,0.05404429147694774,2.4750696659088134,0.08039063417125623,0.3825519820939609,0.0357940631868644,0.4866960152697345,0.04674735341245694,0.2893567139351065,0.041877763240518,0.9242994308471679,0.003381968173461294,1.797013759613037,0.14414058864675572,0.7815300107002259,0.02756341050311875,0.6469918612665718,0.026323704533965205,0.40293033995313954,0.08503023043065197,0.580753607079861,0.029214740540905244,603.2,1.469693845669907
omission,1.0,0.9,0.5,2.36049370765686,0.0723516547628766,0.47864952087402346,0.05404429147694774,2.4750696659088134,0.08039063417125623,0.3825519820939609,0.0357940631868644,0.4866960152697345,0.04674735341245694,0.2893567139351065,0.041877763240518,0.8310494661331177,0.03993387191008194,1.5210320234298706,0.14909782682268735,0.7189181327819825,0.02234539633269434,0.7283306295405936,0.02472181960012781,0.385890682500717,0.11713269841228753,0.6714474588203385,0.028671515508245576,1508.8,4.166533331199932
omission,1.0,0.9,1.0,2.36049370765686,0.0723516547628766,0.47864952087402346,0.05404429147694774,2.4750696659088134,0.08039063417125623,0.3825519820939609,0.0357940631868644,0.4866960152697345,0.04674735341245694,0.2893567139351065,0.041877763240518,0.803530478477478,0.03814100920512415,1.5320902585983276,0.20649097641948422,0.6816120624542237,0.016986292518233224,0.7580770409521027,0.021330623545839783,0.4091725597231742,0.07403203234371125,0.7071741909258634,0.02197536277034105,3018.2,7.934733769950949
